pair_id,pair_file,output_human,gender_similarity,ethnicity_similarity,age_similarity,participant_gender,participant_ethnicity,participant_age
2993,"['5986_af.jpg', '5987_af.jpg']","[0.0, 0.0, 1.0, 1.0]","[5.0, 5.0, 4.0, 1.0]","[4.0, 1.0, 3.0, 1.0]","[3.0, 4.0, 4.0, 4.0]","['M', 'W', 'M', 'W']","[['W'], ['W'], ['SEA'], ['NAA']]","[30.0, 28.0, 22.0, 24.0]"
3037,"['6074_af.jpg', '6075_af.jpg']","[0.0, 0.0, 1.0, 4.0]","[5.0, 5.0, 4.0, 5.0]","[5.0, 5.0, 4.0, 5.0]","[1.0, 5.0, 4.0, 5.0]","['M', 'W', 'M', 'W']","[['W'], ['W'], ['SEA'], ['NAA']]","[30.0, 28.0, 22.0, 24.0]"
3354,"['6709_bm.jpg', '6708_bm.jpg']","[0.0, 0.0, 0.0, 0.0]","[5.0, 5.0, 4.0, 5.0]","[4.0, 2.0, 4.0, 4.0]","[1.0, 4.0, 4.0, 4.0]","['M', 'W', 'M', 'W']","[['W'], ['W'], ['SEA'], ['NAA']]","[30.0, 28.0, 22.0, 24.0]"
2981,"['5962_am.jpg', '5963_am.jpg']","[0.0, 0.0, 1.0, 3.0]","[4.0, 5.0, 4.0, 5.0]","[5.0, 5.0, 4.0, 5.0]","[4.0, 5.0, 4.0, 5.0]","['M', 'W', 'M', 'W']","[['W'], ['W'], ['SEA'], ['NAA']]","[30.0, 28.0, 22.0, 24.0]"
3005,"['6011_af.jpg', '6010_af.jpg']","[0.0, 0.0, 0.0, 0.0]","[3.0, 4.0, 3.0, 5.0]","[5.0, 3.0, 4.0, 3.0]","[1.0, 1.0, 2.0, 1.0]","['M', 'W', 'M', 'W']","[['W'], ['W'], ['SEA'], ['NAA']]","[30.0, 28.0, 22.0, 24.0]"
3389,"['6779_bf.jpg', '6778_bf.jpg']","[0.0, 0.0, 1.0, 2.0]","[5.0, 5.0, 4.0, 5.0]","[1.0, 4.0, 4.0, 2.0]","[3.0, 5.0, 4.0, 4.0]","['M', 'W', 'M', 'W']","[['W'], ['W'], ['SEA'], ['NAA']]","[30.0, 28.0, 22.0, 24.0]"
2946,"['5892_am.jpg', '5893_am.jpg']","[0.0, 0.0, 1.0, 1.0]","[5.0, 5.0, 4.0, 1.0]","[3.0, 5.0, 4.0, 2.0]","[4.0, 4.0, 4.0, 1.0]","['M', 'W', 'M', 'W']","[['W'], ['W'], ['SEA'], ['NAA']]","[30.0, 28.0, 22.0, 24.0]"
2901,"['5802_am.jpg', '5803_am.jpg']","[0.0, 0.0, 1.0, 2.0]","[5.0, 5.0, 4.0, 5.0]","[5.0, 4.0, 4.0, 4.0]","[5.0, 5.0, 4.0, 2.0]","['M', 'W', 'M', 'W']","[['W'], ['W'], ['SEA'], ['NAA']]","[30.0, 28.0, 22.0, 24.0]"
3394,"['6789_bf.jpg', '6788_bf.jpg']","[0.0, 0.0, 0.0, 4.0]","[4.0, 5.0, 4.0, 5.0]","[4.0, 1.0, 3.0, 5.0]","[2.0, 2.0, 3.0, 5.0]","['M', 'W', 'M', 'W']","[['W'], ['W'], ['SEA'], ['NAA']]","[30.0, 28.0, 22.0, 24.0]"
3307,"['6614_bm.jpg', '6615_bm.jpg']","[2.0, 0.0, 1.0, 0.0]","[5.0, 2.0, 4.0, 1.0]","[5.0, 5.0, 4.0, 5.0]","[1.0, 2.0, 3.0, 2.0]","['M', 'W', 'M', 'W']","[['W'], ['W'], ['SEA'], ['NAA']]","[30.0, 28.0, 22.0, 24.0]"
2914,"['5828_am.jpg', '5829_am.jpg']","[0.0, 1.0, 0.0, 0.0]","[5.0, 4.0, 5.0, 5.0]","[3.0, 2.0, 3.0, 4.0]","[1.0, 2.0, 1.0, 1.0]","['M', 'M', 'W', 'W']","[['W'], ['W'], ['EA'], ['NAA']]","[32.0, 27.0, 45.0, 52.0]"
3412,"['6825_bf.jpg', '6824_bf.jpg']","[3.0, 1.0, 0.0, 0.0]","[4.0, 4.0, 5.0, 4.0]","[4.0, 4.0, 5.0, 5.0]","[4.0, 4.0, 5.0, 2.0]","['M', 'M', 'W', 'W']","[['W'], ['W'], ['EA'], ['NAA']]","[32.0, 27.0, 45.0, 52.0]"
3283,"['6567_bm.jpg', '6566_bm.jpg']","[0.0, 1.0, 0.0, 0.0]","[4.0, 4.0, 5.0, 5.0]","[3.0, 4.0, 4.0, 4.0]","[4.0, 4.0, 1.0, 2.0]","['M', 'M', 'W', 'W']","[['W'], ['W'], ['EA'], ['NAA']]","[32.0, 27.0, 45.0, 52.0]"
2895,"['5791_am.jpg', '5790_am.jpg']","[2.0, 3.0, 1.0, 0.0]","[4.0, 4.0, 5.0, 4.0]","[4.0, 4.0, 5.0, 3.0]","[4.0, 4.0, 2.0, 2.0]","['M', 'M', 'W', 'W']","[['W'], ['W'], ['EA'], ['NAA']]","[32.0, 27.0, 45.0, 52.0]"
3326,"['6653_bm.jpg', '6652_bm.jpg']","[2.0, 1.0, 1.0, 0.0]","[5.0, 4.0, 5.0, 5.0]","[5.0, 4.0, 4.0, 5.0]","[3.0, 2.0, 4.0, 5.0]","['M', 'M', 'W', 'W']","[['W'], ['W'], ['EA'], ['NAA']]","[32.0, 27.0, 45.0, 52.0]"
2871,"['5742_am.jpg', '5743_am.jpg']","[2.0, 1.0, 0.0, 0.0]","[5.0, 4.0, 5.0, 5.0]","[5.0, 3.0, 3.0, 5.0]","[5.0, 2.0, 2.0, 5.0]","['M', 'M', 'W', 'W']","[['W'], ['W'], ['EA'], ['NAA']]","[32.0, 27.0, 45.0, 52.0]"
3060,"['6120_af.jpg', '6121_af.jpg']","[2.0, 1.0, 0.0, 0.0]","[5.0, 4.0, 4.0, 4.0]","[3.0, 4.0, 1.0, 1.0]","[3.0, 4.0, 1.0, 4.0]","['M', 'M', 'W', 'W']","[['W'], ['W'], ['EA'], ['NAA']]","[32.0, 27.0, 45.0, 52.0]"
2988,"['5976_am.jpg', '5977_am.jpg']","[3.0, 1.0, 0.0, 0.0]","[5.0, 4.0, 5.0, 4.0]","[2.0, 4.0, 3.0, 4.0]","[3.0, 3.0, 1.0, 4.0]","['M', 'M', 'W', 'W']","[['W'], ['W'], ['EA'], ['NAA']]","[32.0, 27.0, 45.0, 52.0]"
3257,"['6515_bm.jpg', '6514_bm.jpg']","[2.0, 1.0, 0.0, 0.0]","[5.0, 4.0, 5.0, 5.0]","[3.0, 4.0, 4.0, 5.0]","[3.0, 2.0, 3.0, 2.0]","['M', 'M', 'W', 'W']","[['W'], ['W'], ['EA'], ['NAA']]","[32.0, 27.0, 45.0, 52.0]"
3277,"['6554_bm.jpg', '6555_bm.jpg']","[2.0, 3.0, 2.0, 0.0]","[3.0, 4.0, 3.0, 5.0]","[3.0, 4.0, 4.0, 5.0]","[3.0, 4.0, 4.0, 2.0]","['M', 'M', 'W', 'W']","[['W'], ['W'], ['EA'], ['NAA']]","[32.0, 27.0, 45.0, 52.0]"
3422,"['6845_bf.jpg', '6844_bf.jpg']","[0.0, 2.0, 1.0, 0.0, 3.0]","[1.0, 4.0, 2.0, 5.0, 5.0]","[5.0, 4.0, 4.0, 5.0, 5.0]","[4.0, 4.0, 4.0, 5.0, 5.0]","['M', 'M', 'M', 'W', 'W']","[['W'], ['W'], ['W'], ['NAA'], ['SA']]","[30.0, 22.0, 29.0, 59.0, 44.0]"
3349,"['6699_bm.jpg', '6698_bm.jpg']","[3.0, 0.0, 0.0, 0.0, 0.0]","[2.0, 4.0, 1.0, 5.0, 5.0]","[5.0, 4.0, 1.0, 5.0, 3.0]","[5.0, 3.0, 1.0, 4.0, 2.0]","['M', 'M', 'M', 'W', 'W']","[['W'], ['W'], ['W'], ['NAA'], ['SA']]","[30.0, 22.0, 29.0, 59.0, 44.0]"
3084,"['6169_af.jpg', '6168_af.jpg']","[4.0, 3.0, 1.0, 4.0, 4.0]","[5.0, 4.0, 4.0, 5.0, 5.0]","[5.0, 4.0, 5.0, 5.0, 5.0]","[5.0, 4.0, 4.0, 5.0, 5.0]","['M', 'M', 'M', 'W', 'W']","[['W'], ['W'], ['W'], ['NAA'], ['SA']]","[30.0, 22.0, 29.0, 59.0, 44.0]"
3406,"['6813_bf.jpg', '6812_bf.jpg']","[0.0, 0.0, 1.0, 0.0, 0.0]","[4.0, 5.0, 3.0, 5.0, 5.0]","[2.0, 4.0, 4.0, 2.0, 5.0]","[1.0, 1.0, 1.0, 1.0, 2.0]","['M', 'M', 'M', 'W', 'W']","[['W'], ['W'], ['W'], ['NAA'], ['SA']]","[30.0, 22.0, 29.0, 59.0, 44.0]"
2971,"['5942_am.jpg', '5943_am.jpg']","[1.0, 1.0, 0.0, 0.0, 0.0]","[2.0, 4.0, 1.0, 5.0, 4.0]","[1.0, 2.0, 2.0, 1.0, 3.0]","[5.0, 4.0, 4.0, 4.0, 5.0]","['M', 'M', 'M', 'W', 'W']","[['W'], ['W'], ['W'], ['NAA'], ['SA']]","[30.0, 22.0, 29.0, 59.0, 44.0]"
3311,"['6623_bm.jpg', '6622_bm.jpg']","[3.0, 1.0, 0.0, 0.0, 0.0]","[4.0, 4.0, 1.0, 5.0, 4.0]","[5.0, 4.0, 4.0, 5.0, 4.0]","[2.0, 4.0, 2.0, 2.0, 1.0]","['M', 'M', 'M', 'W', 'W']","[['W'], ['W'], ['W'], ['NAA'], ['SA']]","[30.0, 22.0, 29.0, 59.0, 44.0]"
2786,"['5572_af.jpg', '5573_am.jpg']","[0.0, 0.0, 2.0, 0.0, 1.0]","[1.0, 3.0, 3.0, 1.0, 4.0]","[3.0, 3.0, 4.0, 4.0, 2.0]","[4.0, 4.0, 4.0, 3.0, 2.0]","['M', 'M', 'M', 'W', 'W']","[['W'], ['W'], ['W'], ['NAA'], ['SA']]","[30.0, 22.0, 29.0, 59.0, 44.0]"
3273,"['6546_bm.jpg', '6547_bm.jpg']","[4.0, 0.0, 0.0, 0.0, 0.0]","[5.0, 4.0, 1.0, 5.0, 4.0]","[5.0, 3.0, 3.0, 1.0, 3.0]","[5.0, 4.0, 2.0, 4.0, 1.0]","['M', 'M', 'M', 'W', 'W']","[['W'], ['W'], ['W'], ['NAA'], ['SA']]","[30.0, 22.0, 29.0, 59.0, 44.0]"
3073,"['6147_af.jpg', '6146_af.jpg']","[1.0, 0.0, 0.0, 0.0, 1.0]","[4.0, 4.0, 3.0, 5.0, 4.0]","[2.0, 2.0, 2.0, 4.0, 3.0]","[5.0, 2.0, 4.0, 4.0, 4.0]","['M', 'M', 'M', 'W', 'W']","[['W'], ['W'], ['W'], ['NAA'], ['SA']]","[30.0, 22.0, 29.0, 59.0, 44.0]"
2741,"['5482_af.jpg', '5483_am.jpg']","[0.0, 0.0, 0.0, 0.0, 0.0]","[1.0, 1.0, 1.0, 1.0, 1.0]","[5.0, 4.0, 4.0, 5.0, 4.0]","[4.0, 3.0, 2.0, 4.0, 4.0]","['M', 'M', 'M', 'W', 'W']","[['W'], ['W'], ['W'], ['NAA'], ['SA']]","[30.0, 22.0, 29.0, 59.0, 44.0]"
3013,"['6027_af.jpg', '6026_af.jpg']","[0.0, 1.0, 0.0, 0.0, 1.0]","[3.0, 5.0, 5.0, 1.0, 4.0]","[3.0, 4.0, 2.0, 1.0, 4.0]","[4.0, 4.0, 4.0, 1.0, 2.0]","['W', 'M', 'W', 'M', 'M']","[['W'], ['W'], ['MENA'], ['NAA'], ['EA']]","[56.0, 31.0, 43.0, 22.0, 19.0]"
3170,"['6341_bm.jpg', '6340_bf.jpg']","[0.0, 0.0, 0.0, 0.0, 0.0]","[1.0, 1.0, 1.0, 1.0, 1.0]","[4.0, 4.0, 3.0, 1.0, 2.0]","[3.0, 2.0, 1.0, 1.0, 2.0]","['W', 'M', 'W', 'M', 'M']","[['W'], ['W'], ['MENA'], ['NAA'], ['EA']]","[56.0, 31.0, 43.0, 22.0, 19.0]"
2853,"['5706_af.jpg', '5707_am.jpg']","[1.0, 1.0, 0.0, 0.0, 0.0]","[3.0, 3.0, 1.0, 1.0, 1.0]","[3.0, 4.0, 3.0, 5.0, 4.0]","[3.0, 4.0, 2.0, 1.0, 4.0]","['W', 'M', 'W', 'M', 'M']","[['W'], ['W'], ['MENA'], ['NAA'], ['EA']]","[56.0, 31.0, 43.0, 22.0, 19.0]"
3029,"['6059_af.jpg', '6058_af.jpg']","[2.0, 4.0, 3.0, 0.0, 2.0]","[5.0, 5.0, 5.0, 1.0, 4.0]","[4.0, 5.0, 4.0, 1.0, 4.0]","[4.0, 5.0, 1.0, 1.0, 2.0]","['W', 'M', 'W', 'M', 'M']","[['W'], ['W'], ['MENA'], ['NAA'], ['EA']]","[56.0, 31.0, 43.0, 22.0, 19.0]"
3027,"['6054_af.jpg', '6055_af.jpg']","[0.0, 1.0, 0.0, 0.0, 1.0]","[5.0, 4.0, 5.0, 1.0, 2.0]","[3.0, 3.0, 4.0, 1.0, 2.0]","[2.0, 3.0, 4.0, 1.0, 2.0]","['W', 'M', 'W', 'M', 'M']","[['W'], ['W'], ['MENA'], ['NAA'], ['EA']]","[56.0, 31.0, 43.0, 22.0, 19.0]"
3256,"['6512_bm.jpg', '6513_bm.jpg']","[0.0, 1.0, 2.0, 0.0, 1.0]","[5.0, 5.0, 5.0, 1.0, 4.0]","[3.0, 4.0, 4.0, 1.0, 2.0]","[3.0, 4.0, 2.0, 1.0, 1.0]","['W', 'M', 'W', 'M', 'M']","[['W'], ['W'], ['MENA'], ['NAA'], ['EA']]","[56.0, 31.0, 43.0, 22.0, 19.0]"
3420,"['6841_bf.jpg', '6840_bf.jpg']","[2.0, 4.0, 3.0, 0.0, 0.0]","[5.0, 5.0, 5.0, 1.0, 2.0]","[4.0, 5.0, 4.0, 5.0, 3.0]","[4.0, 5.0, 4.0, 1.0, 4.0]","['W', 'M', 'W', 'M', 'M']","[['W'], ['W'], ['MENA'], ['NAA'], ['EA']]","[56.0, 31.0, 43.0, 22.0, 19.0]"
2947,"['5894_am.jpg', '5895_am.jpg']","[1.0, 4.0, 0.0, 0.0, 1.0]","[5.0, 5.0, 5.0, 1.0, 4.0]","[4.0, 5.0, 3.0, 1.0, 2.0]","[3.0, 5.0, 2.0, 1.0, 2.0]","['W', 'M', 'W', 'M', 'M']","[['W'], ['W'], ['MENA'], ['NAA'], ['EA']]","[56.0, 31.0, 43.0, 22.0, 19.0]"
2942,"['5885_am.jpg', '5884_am.jpg']","[0.0, 2.0, 1.0, 0.0, 1.0]","[5.0, 5.0, 5.0, 1.0, 2.0]","[2.0, 4.0, 1.0, 1.0, 2.0]","[2.0, 4.0, 3.0, 1.0, 3.0]","['W', 'M', 'W', 'M', 'M']","[['W'], ['W'], ['MENA'], ['NAA'], ['EA']]","[56.0, 31.0, 43.0, 22.0, 19.0]"
2810,"['5620_af.jpg', '5621_am.jpg']","[0.0, 0.0, 0.0, 0.0, 0.0]","[1.0, 1.0, 1.0, 1.0, 1.0]","[3.0, 4.0, 3.0, 1.0, 4.0]","[3.0, 4.0, 2.0, 1.0, 4.0]","['W', 'M', 'W', 'M', 'M']","[['W'], ['W'], ['MENA'], ['NAA'], ['EA']]","[56.0, 31.0, 43.0, 22.0, 19.0]"
3272,"['6545_bm.jpg', '6544_bm.jpg']","[0.0, 1.0, 4.0, 0.0]","[1.0, 5.0, 5.0, 1.0]","[4.0, 5.0, 5.0, 5.0]","[2.0, 4.0, 5.0, 1.0]","['W', 'NB', 'W', 'M']","[['W'], ['W'], ['EA'], ['NAA']]","[27.0, 33.0, 23.0, 34.0]"
2913,"['5826_am.jpg', '5827_am.jpg']","[0.0, 3.0, 2.0, 1.0]","[4.0, 5.0, 5.0, 4.0]","[4.0, 3.0, 5.0, 4.0]","[3.0, 5.0, 5.0, 2.0]","['W', 'NB', 'W', 'M']","[['W'], ['W'], ['EA'], ['NAA']]","[27.0, 33.0, 23.0, 34.0]"
2907,"['5815_am.jpg', '5814_am.jpg']","[0.0, 1.0, 0.0, 1.0]","[3.0, 5.0, 5.0, 3.0]","[5.0, 5.0, 5.0, 4.0]","[2.0, 4.0, 1.0, 3.0]","['W', 'NB', 'W', 'M']","[['W'], ['W'], ['EA'], ['NAA']]","[27.0, 33.0, 23.0, 34.0]"
3033,"['6067_af.jpg', '6066_af.jpg']","[0.0, 0.0, 4.0, 0.0]","[5.0, 5.0, 5.0, 2.0]","[4.0, 5.0, 5.0, 2.0]","[2.0, 4.0, 5.0, 1.0]","['W', 'NB', 'W', 'M']","[['W'], ['W'], ['EA'], ['NAA']]","[27.0, 33.0, 23.0, 34.0]"
3040,"['6080_af.jpg', '6081_af.jpg']","[0.0, 2.0, 4.0, 4.0]","[5.0, 5.0, 5.0, 5.0]","[2.0, 5.0, 5.0, 5.0]","[3.0, 1.0, 5.0, 5.0]","['W', 'NB', 'W', 'M']","[['W'], ['W'], ['EA'], ['NAA']]","[27.0, 33.0, 23.0, 34.0]"
3291,"['6582_bm.jpg', '6583_bm.jpg']","[1.0, 0.0, 4.0, 0.0]","[5.0, 5.0, 5.0, 1.0]","[3.0, 5.0, 5.0, 5.0]","[2.0, 3.0, 5.0, 3.0]","['W', 'NB', 'W', 'M']","[['W'], ['W'], ['EA'], ['NAA']]","[27.0, 33.0, 23.0, 34.0]"
2910,"['5820_am.jpg', '5821_am.jpg']","[0.0, 0.0, 0.0, 0.0]","[4.0, 5.0, 5.0, 1.0]","[1.0, 3.0, 4.0, 1.0]","[3.0, 2.0, 4.0, 1.0]","['W', 'NB', 'W', 'M']","[['W'], ['W'], ['EA'], ['NAA']]","[27.0, 33.0, 23.0, 34.0]"
3106,"['6212_af.jpg', '6213_af.jpg']","[0.0, 3.0, 0.0, 4.0]","[5.0, 5.0, 5.0, 5.0]","[2.0, 4.0, 5.0, 5.0]","[3.0, 2.0, 4.0, 5.0]","['W', 'NB', 'W', 'M']","[['W'], ['W'], ['EA'], ['NAA']]","[27.0, 33.0, 23.0, 34.0]"
2873,"['5747_am.jpg', '5746_am.jpg']","[0.0, 0.0, 1.0, 0.0]","[5.0, 3.0, 5.0, 3.0]","[3.0, 4.0, 4.0, 4.0]","[2.0, 1.0, 2.0, 1.0]","['W', 'NB', 'W', 'M']","[['W'], ['W'], ['EA'], ['NAA']]","[27.0, 33.0, 23.0, 34.0]"
3347,"['6695_bm.jpg', '6694_bm.jpg']","[1.0, 0.0, 1.0, 0.0]","[5.0, 5.0, 5.0, 2.0]","[4.0, 5.0, 5.0, 5.0]","[4.0, 3.0, 2.0, 1.0]","['W', 'NB', 'W', 'M']","[['W'], ['W'], ['EA'], ['NAA']]","[27.0, 33.0, 23.0, 34.0]"
2790,"['5581_am.jpg', '5580_af.jpg']","[0.0, 0.0, 0.0, 0.0]","[1.0, 1.0, 1.0, 1.0]","[4.0, 3.0, 4.0, 5.0]","[2.0, 3.0, 2.0, 3.0]","['M', 'W', 'M', 'M']","[['W'], ['W'], ['SA'], ['NAA']]","[34.0, 20.0, 42.0, 30.0]"
2906,"['5812_am.jpg', '5813_am.jpg']","[2.0, 0.0, 1.0, 0.0]","[4.0, 5.0, 5.0, 5.0]","[4.0, 4.0, 4.0, 5.0]","[3.0, 4.0, 4.0, 4.0]","['M', 'W', 'M', 'M']","[['W'], ['W'], ['SA'], ['NAA']]","[34.0, 20.0, 42.0, 30.0]"
3010,"['6020_af.jpg', '6021_af.jpg']","[1.0, 1.0, 3.0, 0.0]","[5.0, 5.0, 5.0, 5.0]","[4.0, 4.0, 5.0, 5.0]","[4.0, 4.0, 4.0, 4.0]","['M', 'W', 'M', 'M']","[['W'], ['W'], ['SA'], ['NAA']]","[34.0, 20.0, 42.0, 30.0]"
3019,"['6038_af.jpg', '6039_af.jpg']","[0.0, 0.0, 1.0, 3.0]","[5.0, 5.0, 5.0, 5.0]","[2.0, 3.0, 4.0, 5.0]","[2.0, 1.0, 3.0, 3.0]","['M', 'W', 'M', 'M']","[['W'], ['W'], ['SA'], ['NAA']]","[34.0, 20.0, 42.0, 30.0]"
2992,"['5984_af.jpg', '5985_af.jpg']","[1.0, 1.0, 1.0, 3.0]","[5.0, 5.0, 5.0, 5.0]","[4.0, 3.0, 3.0, 5.0]","[3.0, 4.0, 3.0, 2.0]","['M', 'W', 'M', 'M']","[['W'], ['W'], ['SA'], ['NAA']]","[34.0, 20.0, 42.0, 30.0]"
3062,"['6124_af.jpg', '6125_af.jpg']","[0.0, 2.0, 1.0, 1.0]","[4.0, 5.0, 5.0, 5.0]","[4.0, 3.0, 3.0, 5.0]","[3.0, 1.0, 2.0, 2.0]","['M', 'W', 'M', 'M']","[['W'], ['W'], ['SA'], ['NAA']]","[34.0, 20.0, 42.0, 30.0]"
2758,"['5517_am.jpg', '5516_af.jpg']","[0.0, 0.0, 0.0, 0.0]","[3.0, 1.0, 2.0, 1.0]","[4.0, 3.0, 2.0, 5.0]","[2.0, 3.0, 2.0, 3.0]","['M', 'W', 'M', 'M']","[['W'], ['W'], ['SA'], ['NAA']]","[34.0, 20.0, 42.0, 30.0]"
3221,"['6442_bf.jpg', '6443_bm.jpg']","[0.0, 0.0, 1.0, 0.0]","[1.0, 1.0, 5.0, 5.0]","[4.0, 4.0, 4.0, 5.0]","[3.0, 3.0, 3.0, 3.0]","['M', 'W', 'M', 'M']","[['W'], ['W'], ['SA'], ['NAA']]","[34.0, 20.0, 42.0, 30.0]"
3039,"['6079_af.jpg', '6078_af.jpg']","[0.0, 3.0, 2.0, 0.0]","[5.0, 5.0, 4.0, 5.0]","[2.0, 4.0, 3.0, 3.0]","[1.0, 2.0, 2.0, 3.0]","['M', 'W', 'M', 'M']","[['W'], ['W'], ['SA'], ['NAA']]","[34.0, 20.0, 42.0, 30.0]"
3006,"['6013_af.jpg', '6012_af.jpg']","[1.0, 1.0, 1.0, 0.0]","[5.0, 5.0, 5.0, 5.0]","[1.0, 3.0, 2.0, 3.0]","[2.0, 4.0, 3.0, 2.0]","['M', 'W', 'M', 'M']","[['W'], ['W'], ['SA'], ['NAA']]","[34.0, 20.0, 42.0, 30.0]"
506,"['1012_am.jpg', '1013_am.jpg']","[3.0, 1.0, 1.0, 1.0]","[5.0, 5.0, 5.0, 1.0]","[5.0, 5.0, 4.0, 4.0]","[5.0, 5.0, 4.0, 3.0]","['W', 'W', 'M', 'M']","[['SEA'], ['LA'], ['W'], ['W']]","[49.0, 22.0, 27.0, 28.0]"
872,"['1745_am.jpg', '1744_am.jpg']","[0.0, 0.0, 1.0, 1.0]","[5.0, 5.0, 5.0, 5.0]","[1.0, 4.0, 3.0, 5.0]","[1.0, 2.0, 2.0, 1.0]","['W', 'W', 'M', 'M']","[['SEA'], ['LA'], ['W'], ['W']]","[49.0, 22.0, 27.0, 28.0]"
2046,"['4092_wf.jpg', '4093_wf.jpg']","[0.0, 0.0, 0.0, 1.0]","[5.0, 5.0, 5.0, 5.0]","[5.0, 3.0, 3.0, 4.0]","[3.0, 1.0, 1.0, 2.0]","['W', 'W', 'M', 'M']","[['SEA'], ['LA'], ['W'], ['W']]","[49.0, 22.0, 27.0, 28.0]"
1312,"['2624_bf.jpg', '2625_bf.jpg']","[1.0, 0.0, 1.0, 0.0]","[5.0, 5.0, 5.0, 5.0]","[3.0, 5.0, 4.0, 1.0]","[3.0, 4.0, 4.0, 2.0]","['W', 'W', 'M', 'M']","[['SEA'], ['LA'], ['W'], ['W']]","[49.0, 22.0, 27.0, 28.0]"
1126,"['2253_bf.jpg', '2252_bf.jpg']","[1.0, 1.0, 1.0, 2.0]","[5.0, 5.0, 5.0, 5.0]","[4.0, 5.0, 4.0, 5.0]","[3.0, 4.0, 3.0, 3.0]","['W', 'W', 'M', 'M']","[['SEA'], ['LA'], ['W'], ['W']]","[49.0, 22.0, 27.0, 28.0]"
2008,"['4017_wf.jpg', '4016_wf.jpg']","[2.0, 0.0, 2.0, 2.0]","[5.0, 5.0, 5.0, 5.0]","[5.0, 4.0, 5.0, 4.0]","[5.0, 3.0, 4.0, 3.0]","['W', 'W', 'M', 'M']","[['SEA'], ['LA'], ['W'], ['W']]","[49.0, 22.0, 27.0, 28.0]"
4283,"['8567_af.jpg', '8566_bm.jpg']","[0.0, 0.0, 0.0, 0.0]","[1.0, 1.0, 1.0, 1.0]","[1.0, 1.0, 1.0, 1.0]","[1.0, 4.0, 1.0, 3.0]","['W', 'W', 'M', 'M']","[['SEA'], ['LA'], ['W'], ['W']]","[49.0, 22.0, 27.0, 28.0]"
203,"['406_af.jpg', '407_af.jpg']","[1.0, 2.0, 0.0, 2.0]","[5.0, 5.0, 5.0, 5.0]","[4.0, 5.0, 5.0, 5.0]","[3.0, 4.0, 4.0, 3.0]","['W', 'W', 'M', 'M']","[['SEA'], ['LA'], ['W'], ['W']]","[49.0, 22.0, 27.0, 28.0]"
370,"['741_af.jpg', '740_af.jpg']","[1.0, 0.0, 1.0, 3.0]","[5.0, 5.0, 5.0, 5.0]","[5.0, 5.0, 4.0, 5.0]","[5.0, 1.0, 4.0, 3.0]","['W', 'W', 'M', 'M']","[['SEA'], ['LA'], ['W'], ['W']]","[49.0, 22.0, 27.0, 28.0]"
1102,"['2205_bf.jpg', '2204_bf.jpg']","[0.0, 0.0, 0.0, 0.0]","[5.0, 5.0, 5.0, 5.0]","[4.0, 5.0, 1.0, 3.0]","[4.0, 4.0, 1.0, 2.0]","['W', 'W', 'M', 'M']","[['SEA'], ['LA'], ['W'], ['W']]","[49.0, 22.0, 27.0, 28.0]"
57,"['115_af.jpg', '114_af.jpg']","[4.0, 3.0, 3.0, 3.0]","[5.0, 5.0, 3.0, 4.0]","[5.0, 4.0, 5.0, 4.0]","[5.0, 4.0, 5.0, 4.0]","['W', 'M', 'W', 'W']","[['NAA'], ['SA'], ['W'], ['W']]","[31.0, 25.0, 22.0, 32.0]"
3847,"['7695_wf.jpg', '7694_wf.jpg']","[1.0, 1.0, 1.0, 1.0]","[5.0, 5.0, 4.0, 4.0]","[5.0, 4.0, 4.0, 3.0]","[4.0, 3.0, 4.0, 2.0]","['W', 'M', 'W', 'W']","[['NAA'], ['SA'], ['W'], ['W']]","[31.0, 25.0, 22.0, 32.0]"
3732,"['7465_wm.jpg', '7464_wm.jpg']","[4.0, 0.0, 1.0, 1.0]","[5.0, 5.0, 5.0, 4.0]","[5.0, 5.0, 4.0, 4.0]","[5.0, 1.0, 1.0, 1.0]","['W', 'M', 'W', 'W']","[['NAA'], ['SA'], ['W'], ['W']]","[31.0, 25.0, 22.0, 32.0]"
869,"['1739_am.jpg', '1738_am.jpg']","[1.0, 0.0, 2.0, 2.0]","[5.0, 5.0, 4.0, 4.0]","[3.0, 2.0, 5.0, 2.0]","[2.0, 2.0, 3.0, 3.0]","['W', 'M', 'W', 'W']","[['NAA'], ['SA'], ['W'], ['W']]","[31.0, 25.0, 22.0, 32.0]"
1977,"['3954_wf.jpg', '3955_wf.jpg']","[2.0, 1.0, 3.0, 3.0]","[5.0, 5.0, 5.0, 4.0]","[5.0, 5.0, 4.0, 5.0]","[5.0, 2.0, 3.0, 4.0]","['W', 'M', 'W', 'W']","[['NAA'], ['SA'], ['W'], ['W']]","[31.0, 25.0, 22.0, 32.0]"
1314,"['2629_bf.jpg', '2628_bf.jpg']","[0.0, 0.0, 0.0, 1.0]","[5.0, 5.0, 5.0, 3.0]","[5.0, 2.0, 4.0, 1.0]","[1.0, 1.0, 3.0, 2.0]","['W', 'M', 'W', 'W']","[['NAA'], ['SA'], ['W'], ['W']]","[31.0, 25.0, 22.0, 32.0]"
3469,"['6939_bf.jpg', '6938_bf.jpg']","[3.0, 0.0, 1.0, 0.0]","[5.0, 5.0, 4.0, 5.0]","[5.0, 2.0, 2.0, 5.0]","[4.0, 2.0, 2.0, 3.0]","['W', 'M', 'W', 'W']","[['NAA'], ['SA'], ['W'], ['W']]","[31.0, 25.0, 22.0, 32.0]"
374,"['749_af.jpg', '748_af.jpg']","[4.0, 1.0, 1.0, 4.0]","[5.0, 5.0, 4.0, 5.0]","[5.0, 2.0, 4.0, 5.0]","[5.0, 2.0, 2.0, 5.0]","['W', 'M', 'W', 'W']","[['NAA'], ['SA'], ['W'], ['W']]","[31.0, 25.0, 22.0, 32.0]"
2009,"['4018_wf.jpg', '4019_wf.jpg']","[2.0, 3.0, 2.0, 2.0]","[5.0, 5.0, 5.0, 4.0]","[5.0, 5.0, 5.0, 4.0]","[3.0, 4.0, 5.0, 2.0]","['W', 'M', 'W', 'W']","[['NAA'], ['SA'], ['W'], ['W']]","[31.0, 25.0, 22.0, 32.0]"
1059,"['2118_bf.jpg', '2119_bf.jpg']","[4.0, 1.0, 3.0, 1.0]","[5.0, 5.0, 5.0, 4.0]","[5.0, 3.0, 5.0, 3.0]","[5.0, 1.0, 4.0, 1.0]","['W', 'M', 'W', 'W']","[['NAA'], ['SA'], ['W'], ['W']]","[31.0, 25.0, 22.0, 32.0]"
248,"['497_af.jpg', '496_af.jpg']","[3.0, 0.0, 3.0, 3.0, 0.0]","[4.0, 5.0, 5.0, 5.0, 5.0]","[4.0, 5.0, 5.0, 5.0, 4.0]","[4.0, 5.0, 5.0, 5.0, 4.0]","['W', 'W', 'W', 'M', 'W']","[['MENA'], ['NAA'], ['W'], ['W'], ['EA']]","[32.0, 49.0, 24.0, 51.0, 34.0]"
1129,"['2258_bf.jpg', '2259_bf.jpg']","[3.0, 0.0, 4.0, 3.0, 1.0]","[4.0, 4.0, 5.0, 5.0, 5.0]","[4.0, 5.0, 5.0, 5.0, 2.0]","[4.0, 5.0, 5.0, 5.0, 4.0]","['W', 'W', 'W', 'M', 'W']","[['MENA'], ['NAA'], ['W'], ['W'], ['EA']]","[32.0, 49.0, 24.0, 51.0, 34.0]"
2215,"['4430_wf.jpg', '4431_wf.jpg']","[3.0, 3.0, 4.0, 3.0, 3.0]","[4.0, 4.0, 5.0, 5.0, 5.0]","[4.0, 5.0, 5.0, 5.0, 2.0]","[4.0, 5.0, 5.0, 5.0, 4.0]","['W', 'W', 'W', 'M', 'W']","[['MENA'], ['NAA'], ['W'], ['W'], ['EA']]","[32.0, 49.0, 24.0, 51.0, 34.0]"
47,"['95_af.jpg', '94_af.jpg']","[2.0, 0.0, 4.0, 3.0, 3.0]","[3.0, 3.0, 5.0, 5.0, 4.0]","[5.0, 2.0, 5.0, 5.0, 4.0]","[4.0, 4.0, 5.0, 5.0, 4.0]","['W', 'W', 'W', 'M', 'W']","[['MENA'], ['NAA'], ['W'], ['W'], ['EA']]","[32.0, 49.0, 24.0, 51.0, 34.0]"
1673,"['3346_bm.jpg', '3347_bm.jpg']","[2.0, 0.0, 0.0, 1.0, 1.0]","[5.0, 4.0, 5.0, 5.0, 5.0]","[4.0, 5.0, 5.0, 5.0, 4.0]","[4.0, 5.0, 5.0, 4.0, 2.0]","['W', 'W', 'W', 'M', 'W']","[['MENA'], ['NAA'], ['W'], ['W'], ['EA']]","[32.0, 49.0, 24.0, 51.0, 34.0]"
987,"['1975_bf.jpg', '1974_bf.jpg']","[3.0, 0.0, 0.0, 0.0, 0.0]","[4.0, 4.0, 5.0, 5.0, 5.0]","[4.0, 5.0, 4.0, 5.0, 2.0]","[4.0, 4.0, 4.0, 5.0, 4.0]","['W', 'W', 'W', 'M', 'W']","[['MENA'], ['NAA'], ['W'], ['W'], ['EA']]","[32.0, 49.0, 24.0, 51.0, 34.0]"
226,"['453_af.jpg', '452_af.jpg']","[2.0, 0.0, 0.0, 1.0, 0.0]","[3.0, 2.0, 5.0, 5.0, 4.0]","[4.0, 4.0, 4.0, 5.0, 5.0]","[3.0, 4.0, 4.0, 2.0, 4.0]","['W', 'W', 'W', 'M', 'W']","[['MENA'], ['NAA'], ['W'], ['W'], ['EA']]","[32.0, 49.0, 24.0, 51.0, 34.0]"
1761,"['3523_bm.jpg', '3522_bm.jpg']","[0.0, 0.0, 0.0, 0.0, 0.0]","[4.0, 1.0, 5.0, 5.0, 5.0]","[1.0, 1.0, 1.0, 1.0, 1.0]","[3.0, 1.0, 4.0, 4.0, 4.0]","['W', 'W', 'W', 'M', 'W']","[['MENA'], ['NAA'], ['W'], ['W'], ['EA']]","[32.0, 49.0, 24.0, 51.0, 34.0]"
2109,"['4218_wf.jpg', '4219_wf.jpg']","[2.0, 0.0, 3.0, 1.0, 1.0]","[3.0, 2.0, 4.0, 5.0, 5.0]","[4.0, 4.0, 5.0, 5.0, 4.0]","[3.0, 4.0, 2.0, 4.0, 2.0]","['W', 'W', 'W', 'M', 'W']","[['MENA'], ['NAA'], ['W'], ['W'], ['EA']]","[32.0, 49.0, 24.0, 51.0, 34.0]"
3461,"['6923_bf.jpg', '6922_bf.jpg']","[1.0, 0.0, 0.0, 3.0, 1.0]","[4.0, 5.0, 5.0, 5.0, 5.0]","[4.0, 5.0, 5.0, 5.0, 5.0]","[4.0, 5.0, 2.0, 5.0, 1.0]","['W', 'W', 'W', 'M', 'W']","[['MENA'], ['NAA'], ['W'], ['W'], ['EA']]","[32.0, 49.0, 24.0, 51.0, 34.0]"
3737,"['7474_wm.jpg', '7475_wm.jpg']","[3.0, 3.0, 3.0, 1.0]","[4.0, 5.0, 3.0, 5.0]","[5.0, 5.0, 4.0, 2.0]","[1.0, 1.0, 1.0, 1.0]","['W', 'W', 'W', 'W']","[['W', 'MENA'], ['NTA'], ['W'], ['W']]","[30.0, 0, 56.0, 21.0]"
3,"['7_af.jpg', '6_af.jpg']","[4.0, 1.0, 1.0, 3.0]","[5.0, 1.0, 2.0, 5.0]","[5.0, 4.0, 3.0, 5.0]","[5.0, 3.0, 3.0, 5.0]","['W', 'W', 'W', 'W']","[['W', 'MENA'], ['NTA'], ['W'], ['W']]","[30.0, 0, 56.0, 21.0]"
3504,"['7009_bf.jpg', '7008_bf.jpg']","[0.0, 0.0, 1.0, 0.0]","[5.0, 5.0, 4.0, 5.0]","[4.0, 5.0, 3.0, 2.0]","[2.0, 2.0, 3.0, 4.0]","['W', 'W', 'W', 'W']","[['W', 'MENA'], ['NTA'], ['W'], ['W']]","[30.0, 0, 56.0, 21.0]"
2207,"['4414_wf.jpg', '4415_wf.jpg']","[3.0, 3.0, 2.0, 1.0]","[5.0, 1.0, 4.0, 5.0]","[4.0, 5.0, 3.0, 2.0]","[4.0, 5.0, 4.0, 4.0]","['W', 'W', 'W', 'W']","[['W', 'MENA'], ['NTA'], ['W'], ['W']]","[30.0, 0, 56.0, 21.0]"
1236,"['2472_bf.jpg', '2473_bf.jpg']","[0.0, 0.0, 1.0, 3.0]","[5.0, 5.0, 4.0, 5.0]","[3.0, 5.0, 4.0, 5.0]","[4.0, 1.0, 3.0, 4.0]","['W', 'W', 'W', 'W']","[['W', 'MENA'], ['NTA'], ['W'], ['W']]","[30.0, 0, 56.0, 21.0]"
871,"['1743_am.jpg', '1742_am.jpg']","[3.0, 0.0, 3.0, 3.0]","[4.0, 5.0, 5.0, 5.0]","[5.0, 2.0, 5.0, 5.0]","[4.0, 4.0, 5.0, 4.0]","['W', 'W', 'W', 'W']","[['W', 'MENA'], ['NTA'], ['W'], ['W']]","[30.0, 0, 56.0, 21.0]"
1083,"['2167_bf.jpg', '2166_bf.jpg']","[3.0, 0.0, 1.0, 1.0]","[5.0, 3.0, 4.0, 5.0]","[5.0, 2.0, 4.0, 4.0]","[5.0, 1.0, 4.0, 2.0]","['W', 'W', 'W', 'W']","[['W', 'MENA'], ['NTA'], ['W'], ['W']]","[30.0, 0, 56.0, 21.0]"
1132,"['2264_bf.jpg', '2265_bf.jpg']","[0.0, 0.0, 3.0, 0.0]","[3.0, 5.0, 4.0, 5.0]","[2.0, 1.0, 4.0, 1.0]","[1.0, 1.0, 2.0, 1.0]","['W', 'W', 'W', 'W']","[['W', 'MENA'], ['NTA'], ['W'], ['W']]","[30.0, 0, 56.0, 21.0]"
861,"['1722_am.jpg', '1723_am.jpg']","[3.0, 0.0, 2.0, 3.0]","[5.0, 5.0, 3.0, 5.0]","[5.0, 4.0, 3.0, 5.0]","[1.0, 2.0, 4.0, 1.0]","['W', 'W', 'W', 'W']","[['W', 'MENA'], ['NTA'], ['W'], ['W']]","[30.0, 0, 56.0, 21.0]"
1489,"['2978_bm.jpg', '2979_bm.jpg']","[1.0, 3.0, 3.0, 4.0]","[3.0, 5.0, 4.0, 5.0]","[2.0, 5.0, 4.0, 5.0]","[2.0, 5.0, 4.0, 5.0]","['W', 'W', 'W', 'W']","[['W', 'MENA'], ['NTA'], ['W'], ['W']]","[30.0, 0, 56.0, 21.0]"
1380,"['2760_bm.jpg', '2761_bm.jpg']","[3.0, 0.0, 1.0, 4.0]","[5.0, 5.0, 2.0, 5.0]","[5.0, 5.0, 2.0, 5.0]","[4.0, 1.0, 2.0, 5.0]","['M', 'W', 'M', 'M']","[['SEA'], ['NAA'], ['W'], ['W']]","[21.0, 25.0, 36.0, 28.0]"
721,"['1442_am.jpg', '1443_am.jpg']","[0.0, 0.0, 2.0, 1.0]","[2.0, 5.0, 3.0, 5.0]","[1.0, 3.0, 4.0, 4.0]","[1.0, 2.0, 4.0, 4.0]","['M', 'W', 'M', 'M']","[['SEA'], ['NAA'], ['W'], ['W']]","[21.0, 25.0, 36.0, 28.0]"
1925,"['3851_wf.jpg', '3850_wf.jpg']","[3.0, 1.0, 1.0, 2.0]","[5.0, 5.0, 3.0, 5.0]","[5.0, 5.0, 3.0, 5.0]","[4.0, 5.0, 3.0, 4.0]","['M', 'W', 'M', 'M']","[['SEA'], ['NAA'], ['W'], ['W']]","[21.0, 25.0, 36.0, 28.0]"
951,"['1903_bf.jpg', '1902_bf.jpg']","[0.0, 4.0, 1.0, 2.0]","[5.0, 5.0, 4.0, 5.0]","[4.0, 5.0, 4.0, 4.0]","[2.0, 5.0, 4.0, 4.0]","['M', 'W', 'M', 'M']","[['SEA'], ['NAA'], ['W'], ['W']]","[21.0, 25.0, 36.0, 28.0]"
2134,"['4269_wf.jpg', '4268_wf.jpg']","[0.0, 0.0, 1.0, 0.0]","[3.0, 1.0, 2.0, 1.0]","[5.0, 1.0, 2.0, 2.0]","[1.0, 1.0, 2.0, 3.0]","['M', 'W', 'M', 'M']","[['SEA'], ['NAA'], ['W'], ['W']]","[21.0, 25.0, 36.0, 28.0]"
1859,"['3718_wf.jpg', '3719_wf.jpg']","[1.0, 3.0, 2.0, 2.0]","[5.0, 5.0, 2.0, 5.0]","[5.0, 3.0, 2.0, 3.0]","[1.0, 2.0, 2.0, 1.0]","['M', 'W', 'M', 'M']","[['SEA'], ['NAA'], ['W'], ['W']]","[21.0, 25.0, 36.0, 28.0]"
72,"['145_af.jpg', '144_af.jpg']","[2.0, 4.0, 2.0, 3.0]","[5.0, 5.0, 2.0, 5.0]","[5.0, 5.0, 4.0, 5.0]","[1.0, 5.0, 4.0, 4.0]","['M', 'W', 'M', 'M']","[['SEA'], ['NAA'], ['W'], ['W']]","[21.0, 25.0, 36.0, 28.0]"
492,"['984_am.jpg', '985_am.jpg']","[4.0, 1.0, 2.0, 1.0]","[5.0, 5.0, 1.0, 4.0]","[5.0, 5.0, 3.0, 5.0]","[5.0, 4.0, 3.0, 4.0]","['M', 'W', 'M', 'M']","[['SEA'], ['NAA'], ['W'], ['W']]","[21.0, 25.0, 36.0, 28.0]"
1879,"['3759_wf.jpg', '3758_wf.jpg']","[4.0, 2.0, 2.0, 1.0]","[5.0, 5.0, 2.0, 5.0]","[5.0, 5.0, 4.0, 5.0]","[5.0, 3.0, 4.0, 3.0]","['M', 'W', 'M', 'M']","[['SEA'], ['NAA'], ['W'], ['W']]","[21.0, 25.0, 36.0, 28.0]"
1748,"['3497_bm.jpg', '3496_bm.jpg']","[2.0, 0.0, 3.0, 3.0]","[5.0, 5.0, 4.0, 5.0]","[5.0, 5.0, 4.0, 5.0]","[2.0, 2.0, 4.0, 4.0]","['M', 'W', 'M', 'M']","[['SEA'], ['NAA'], ['W'], ['W']]","[21.0, 25.0, 36.0, 28.0]"
2213,"['4427_wf.jpg', '4426_wf.jpg']","[1.0, 2.0, 3.0, 4.0, 0.0]","[4.0, 3.0, 5.0, 5.0, 5.0]","[4.0, 4.0, 4.0, 5.0, 4.0]","[4.0, 4.0, 4.0, 5.0, 4.0]","['M', 'W', 'M', 'M', 'W']","[['O'], ['W'], ['W'], ['EA'], ['NAA']]","[24.0, 51.0, 58.0, 22.0, 25.0]"
762,"['1525_am.jpg', '1524_am.jpg']","[0.0, 2.0, 3.0, 0.0, 2.0]","[5.0, 1.0, 5.0, 5.0, 5.0]","[4.0, 4.0, 4.0, 4.0, 2.0]","[1.0, 4.0, 4.0, 3.0, 4.0]","['M', 'W', 'M', 'M', 'W']","[['O'], ['W'], ['W'], ['EA'], ['NAA']]","[24.0, 51.0, 58.0, 22.0, 25.0]"
97,"['195_af.jpg', '194_af.jpg']","[3.0, 3.0, 2.0, 4.0, 4.0]","[5.0, 4.0, 5.0, 5.0, 5.0]","[5.0, 4.0, 4.0, 5.0, 5.0]","[4.0, 4.0, 4.0, 5.0, 5.0]","['M', 'W', 'M', 'M', 'W']","[['O'], ['W'], ['W'], ['EA'], ['NAA']]","[24.0, 51.0, 58.0, 22.0, 25.0]"
1846,"['3693_wf.jpg', '3692_wf.jpg']","[1.0, 3.0, 0.0, 3.0, 4.0]","[5.0, 3.0, 5.0, 5.0, 5.0]","[5.0, 4.0, 5.0, 4.0, 5.0]","[1.0, 3.0, 3.0, 2.0, 5.0]","['M', 'W', 'M', 'M', 'W']","[['O'], ['W'], ['W'], ['EA'], ['NAA']]","[24.0, 51.0, 58.0, 22.0, 25.0]"
1386,"['2773_bm.jpg', '2772_bm.jpg']","[0.0, 2.0, 1.0, 1.0, 4.0]","[5.0, 1.0, 5.0, 5.0, 5.0]","[4.0, 5.0, 5.0, 3.0, 5.0]","[3.0, 3.0, 3.0, 4.0, 5.0]","['M', 'W', 'M', 'M', 'W']","[['O'], ['W'], ['W'], ['EA'], ['NAA']]","[24.0, 51.0, 58.0, 22.0, 25.0]"
868,"['1736_am.jpg', '1737_am.jpg']","[2.0, 3.0, 0.0, 0.0, 2.0]","[5.0, 5.0, 5.0, 5.0, 5.0]","[4.0, 4.0, 4.0, 1.0, 2.0]","[1.0, 4.0, 3.0, 3.0, 2.0]","['M', 'W', 'M', 'M', 'W']","[['O'], ['W'], ['W'], ['EA'], ['NAA']]","[24.0, 51.0, 58.0, 22.0, 25.0]"
1364,"['2728_bf.jpg', '2729_bf.jpg']","[0.0, 1.0, 0.0, 0.0, 3.0]","[4.0, 3.0, 5.0, 5.0, 5.0]","[3.0, 2.0, 3.0, 4.0, 4.0]","[4.0, 2.0, 4.0, 4.0, 4.0]","['M', 'W', 'M', 'M', 'W']","[['O'], ['W'], ['W'], ['EA'], ['NAA']]","[24.0, 51.0, 58.0, 22.0, 25.0]"
1779,"['3559_bm.jpg', '3558_bm.jpg']","[0.0, 2.0, 3.0, 3.0, 2.0]","[4.0, 3.0, 5.0, 5.0, 5.0]","[4.0, 4.0, 5.0, 4.0, 4.0]","[1.0, 3.0, 3.0, 2.0, 2.0]","['M', 'W', 'M', 'M', 'W']","[['O'], ['W'], ['W'], ['EA'], ['NAA']]","[24.0, 51.0, 58.0, 22.0, 25.0]"
3454,"['6908_bf.jpg', '6909_bf.jpg']","[0.0, 0.0, 2.0, 0.0, 0.0]","[5.0, 4.0, 5.0, 5.0, 5.0]","[4.0, 4.0, 5.0, 2.0, 4.0]","[4.0, 2.0, 2.0, 3.0, 1.0]","['M', 'W', 'M', 'M', 'W']","[['O'], ['W'], ['W'], ['EA'], ['NAA']]","[24.0, 51.0, 58.0, 22.0, 25.0]"
1222,"['2445_bf.jpg', '2444_bf.jpg']","[3.0, 4.0, 2.0, 3.0, 4.0]","[5.0, 5.0, 5.0, 5.0, 5.0]","[5.0, 5.0, 4.0, 4.0, 5.0]","[5.0, 5.0, 3.0, 4.0, 5.0]","['M', 'W', 'M', 'M', 'W']","[['O'], ['W'], ['W'], ['EA'], ['NAA']]","[24.0, 51.0, 58.0, 22.0, 25.0]"
3495,"['6990_bf.jpg', '6991_bf.jpg']","[1.0, 2.0, 1.0, 3.0, 1.0, 0.0]","[5.0, 4.0, 5.0, 5.0, 4.0, 4.0]","[4.0, 4.0, 4.0, 4.0, 5.0, 1.0]","[4.0, 3.0, 5.0, 4.0, 2.0, 4.0]","['M', 'W', 'M', 'W', 'M', 'W']","[['W'], ['W'], ['W'], ['W'], ['SEA'], ['O']]","[27.0, 23.0, 23.0, 27.0, 30.0, 24.0]"
403,"['806_af.jpg', '807_af.jpg']","[0.0, 0.0, 3.0, 0.0, 0.0, 0.0]","[5.0, 5.0, 5.0, 5.0, 4.0, 2.0]","[5.0, 3.0, 5.0, 4.0, 3.0, 4.0]","[4.0, 4.0, 5.0, 4.0, 1.0, 3.0]","['M', 'W', 'M', 'W', 'M', 'W']","[['W'], ['W'], ['W'], ['W'], ['SEA'], ['O']]","[27.0, 23.0, 23.0, 27.0, 30.0, 24.0]"
3735,"['7470_wm.jpg', '7471_wm.jpg']","[3.0, 0.0, 0.0, 0.0, 0.0, 0.0]","[5.0, 4.0, 5.0, 5.0, 5.0, 4.0]","[5.0, 5.0, 5.0, 4.0, 1.0, 4.0]","[5.0, 3.0, 5.0, 1.0, 3.0, 3.0]","['M', 'W', 'M', 'W', 'M', 'W']","[['W'], ['W'], ['W'], ['W'], ['SEA'], ['O']]","[27.0, 23.0, 23.0, 27.0, 30.0, 24.0]"
3761,"['7522_wm.jpg', '7523_wm.jpg']","[1.0, 0.0, 0.0, 1.0, 4.0, 0.0]","[5.0, 4.0, 5.0, 5.0, 5.0, 3.0]","[5.0, 4.0, 5.0, 4.0, 5.0, 5.0]","[4.0, 4.0, 5.0, 3.0, 5.0, 4.0]","['M', 'W', 'M', 'W', 'M', 'W']","[['W'], ['W'], ['W'], ['W'], ['SEA'], ['O']]","[27.0, 23.0, 23.0, 27.0, 30.0, 24.0]"
1572,"['3144_bm.jpg', '3145_bm.jpg']","[0.0, 0.0, 4.0, 1.0, 0.0, 0.0]","[5.0, 4.0, 5.0, 5.0, 5.0, 4.0]","[5.0, 3.0, 5.0, 3.0, 4.0, 5.0]","[3.0, 4.0, 5.0, 1.0, 1.0, 3.0]","['M', 'W', 'M', 'W', 'M', 'W']","[['W'], ['W'], ['W'], ['W'], ['SEA'], ['O']]","[27.0, 23.0, 23.0, 27.0, 30.0, 24.0]"
259,"['518_af.jpg', '519_af.jpg']","[2.0, 2.0, 4.0, 3.0, 0.0, 1.0]","[4.0, 1.0, 5.0, 4.0, 4.0, 3.0]","[4.0, 3.0, 5.0, 4.0, 2.0, 3.0]","[3.0, 3.0, 5.0, 4.0, 4.0, 3.0]","['M', 'W', 'M', 'W', 'M', 'W']","[['W'], ['W'], ['W'], ['W'], ['SEA'], ['O']]","[27.0, 23.0, 23.0, 27.0, 30.0, 24.0]"
2096,"['4193_wf.jpg', '4192_wf.jpg']","[0.0, 3.0, 4.0, 0.0, 4.0, 1.0]","[5.0, 4.0, 5.0, 5.0, 5.0, 4.0]","[5.0, 4.0, 5.0, 4.0, 5.0, 4.0]","[4.0, 4.0, 5.0, 2.0, 5.0, 4.0]","['M', 'W', 'M', 'W', 'M', 'W']","[['W'], ['W'], ['W'], ['W'], ['SEA'], ['O']]","[27.0, 23.0, 23.0, 27.0, 30.0, 24.0]"
1906,"['3812_wf.jpg', '3813_wf.jpg']","[2.0, 2.0, 4.0, 3.0, 0.0, 0.0]","[5.0, 4.0, 5.0, 5.0, 5.0, 2.0]","[5.0, 4.0, 5.0, 5.0, 5.0, 5.0]","[4.0, 4.0, 5.0, 5.0, 3.0, 3.0]","['M', 'W', 'M', 'W', 'M', 'W']","[['W'], ['W'], ['W'], ['W'], ['SEA'], ['O']]","[27.0, 23.0, 23.0, 27.0, 30.0, 24.0]"
333,"['666_af.jpg', '667_af.jpg']","[3.0, 0.0, 3.0, 2.0, 3.0, 2.0]","[4.0, 4.0, 4.0, 5.0, 5.0, 4.0]","[5.0, 1.0, 5.0, 3.0, 4.0, 4.0]","[4.0, 4.0, 4.0, 3.0, 4.0, 4.0]","['M', 'W', 'M', 'W', 'M', 'W']","[['W'], ['W'], ['W'], ['W'], ['SEA'], ['O']]","[27.0, 23.0, 23.0, 27.0, 30.0, 24.0]"
844,"['1689_am.jpg', '1688_am.jpg']","[1.0, 0.0, 1.0, 0.0, 4.0, 0.0]","[3.0, 3.0, 2.0, 5.0, 5.0, 4.0]","[5.0, 1.0, 4.0, 2.0, 5.0, 4.0]","[4.0, 4.0, 4.0, 2.0, 5.0, 4.0]","['M', 'W', 'M', 'W', 'M', 'W']","[['W'], ['W'], ['W'], ['W'], ['SEA'], ['O']]","[27.0, 23.0, 23.0, 27.0, 30.0, 24.0]"
219,"['438_af.jpg', '439_af.jpg']","[0.0, 3.0, 3.0, 3.0, 3.0]","[2.0, 4.0, 5.0, 5.0, 4.0]","[5.0, 5.0, 5.0, 5.0, 4.0]","[2.0, 2.0, 4.0, 4.0, 4.0]","['W', 'W', 'M', 'W', 'M']","[['LA'], ['NAA'], ['W'], ['W'], ['SA']]","[41.0, 38.0, 55.0, 23.0, 42.0]"
605,"['1211_am.jpg', '1210_am.jpg']","[3.0, 3.0, 1.0, 0.0, 2.0]","[5.0, 4.0, 5.0, 5.0, 3.0]","[5.0, 4.0, 5.0, 2.0, 3.0]","[4.0, 2.0, 4.0, 5.0, 3.0]","['W', 'W', 'M', 'W', 'M']","[['LA'], ['NAA'], ['W'], ['W'], ['SA']]","[41.0, 38.0, 55.0, 23.0, 42.0]"
4829,"['9659_wm.jpg', '9658_am.jpg']","[0.0, 0.0, 0.0, 1.0, 1.0]","[5.0, 4.0, 5.0, 5.0, 2.0]","[2.0, 2.0, 2.0, 2.0, 4.0]","[1.0, 1.0, 1.0, 1.0, 2.0]","['W', 'W', 'M', 'W', 'M']","[['LA'], ['NAA'], ['W'], ['W'], ['SA']]","[41.0, 38.0, 55.0, 23.0, 42.0]"
298,"['596_af.jpg', '597_af.jpg']","[0.0, 0.0, 0.0, 0.0, 0.0]","[4.0, 4.0, 4.0, 5.0, 1.0]","[1.0, 4.0, 2.0, 3.0, 1.0]","[1.0, 2.0, 1.0, 3.0, 1.0]","['W', 'W', 'M', 'W', 'M']","[['LA'], ['NAA'], ['W'], ['W'], ['SA']]","[41.0, 38.0, 55.0, 23.0, 42.0]"
302,"['604_af.jpg', '605_af.jpg']","[4.0, 3.0, 2.0, 3.0, 3.0]","[5.0, 4.0, 5.0, 5.0, 4.0]","[5.0, 4.0, 5.0, 5.0, 4.0]","[5.0, 2.0, 5.0, 5.0, 4.0]","['W', 'W', 'M', 'W', 'M']","[['LA'], ['NAA'], ['W'], ['W'], ['SA']]","[41.0, 38.0, 55.0, 23.0, 42.0]"
3429,"['6859_bf.jpg', '6858_bf.jpg']","[0.0, 0.0, 2.0, 1.0, 2.0]","[5.0, 4.0, 5.0, 5.0, 5.0]","[4.0, 4.0, 5.0, 4.0, 5.0]","[1.0, 1.0, 5.0, 5.0, 3.0]","['W', 'W', 'M', 'W', 'M']","[['LA'], ['NAA'], ['W'], ['W'], ['SA']]","[41.0, 38.0, 55.0, 23.0, 42.0]"
3725,"['7450_wm.jpg', '7451_wm.jpg']","[0.0, 2.0, 1.0, 0.0, 1.0]","[4.0, 4.0, 4.0, 5.0, 4.0]","[1.0, 3.0, 3.0, 2.0, 2.0]","[1.0, 2.0, 3.0, 3.0, 2.0]","['W', 'W', 'M', 'W', 'M']","[['LA'], ['NAA'], ['W'], ['W'], ['SA']]","[41.0, 38.0, 55.0, 23.0, 42.0]"
3733,"['7467_wm.jpg', '7466_wm.jpg']","[0.0, 0.0, 1.0, 2.0, 1.0]","[4.0, 2.0, 5.0, 5.0, 3.0]","[4.0, 4.0, 4.0, 5.0, 4.0]","[1.0, 1.0, 1.0, 1.0, 3.0]","['W', 'W', 'M', 'W', 'M']","[['LA'], ['NAA'], ['W'], ['W'], ['SA']]","[41.0, 38.0, 55.0, 23.0, 42.0]"
191,"['383_af.jpg', '382_af.jpg']","[0.0, 3.0, 2.0, 2.0, 3.0]","[5.0, 5.0, 5.0, 5.0, 5.0]","[5.0, 4.0, 5.0, 5.0, 5.0]","[2.0, 2.0, 4.0, 5.0, 5.0]","['W', 'W', 'M', 'W', 'M']","[['LA'], ['NAA'], ['W'], ['W'], ['SA']]","[41.0, 38.0, 55.0, 23.0, 42.0]"
881,"['1763_am.jpg', '1762_am.jpg']","[4.0, 3.0, 1.0, 2.0, 2.0]","[5.0, 5.0, 4.0, 5.0, 4.0]","[5.0, 4.0, 4.0, 3.0, 3.0]","[5.0, 2.0, 2.0, 2.0, 3.0]","['W', 'W', 'M', 'W', 'M']","[['LA'], ['NAA'], ['W'], ['W'], ['SA']]","[41.0, 38.0, 55.0, 23.0, 42.0]"
3707,"['7414_wm.jpg', '7415_wm.jpg']","[0.0, 1.0, 2.0, 1.0, 1.0]","[5.0, 5.0, 3.0, 4.0, 5.0]","[5.0, 2.0, 4.0, 2.0, 4.0]","[5.0, 3.0, 4.0, 2.0, 4.0]","['W', 'W', 'M', 'W', 'W']","[['NTA'], ['W', 'NAA'], ['W'], ['W'], ['EA']]","[32.0, 28.0, 21.0, 25.0, 23.0]"
835,"['1671_am.jpg', '1670_am.jpg']","[2.0, 4.0, 2.0, 2.0, 2.0]","[5.0, 5.0, 4.0, 4.0, 5.0]","[5.0, 5.0, 4.0, 4.0, 4.0]","[4.0, 5.0, 4.0, 4.0, 4.0]","['W', 'W', 'M', 'W', 'W']","[['NTA'], ['W', 'NAA'], ['W'], ['W'], ['EA']]","[32.0, 28.0, 21.0, 25.0, 23.0]"
2090,"['4180_wf.jpg', '4181_wf.jpg']","[3.0, 4.0, 2.0, 3.0, 3.0]","[5.0, 5.0, 3.0, 5.0, 5.0]","[5.0, 5.0, 5.0, 5.0, 5.0]","[4.0, 5.0, 4.0, 4.0, 3.0]","['W', 'W', 'M', 'W', 'W']","[['NTA'], ['W', 'NAA'], ['W'], ['W'], ['EA']]","[32.0, 28.0, 21.0, 25.0, 23.0]"
3730,"['7460_wm.jpg', '7461_wm.jpg']","[1.0, 0.0, 0.0, 1.0, 1.0]","[3.0, 5.0, 3.0, 5.0, 5.0]","[5.0, 5.0, 5.0, 4.0, 5.0]","[2.0, 4.0, 5.0, 2.0, 4.0]","['W', 'W', 'M', 'W', 'W']","[['NTA'], ['W', 'NAA'], ['W'], ['W'], ['EA']]","[32.0, 28.0, 21.0, 25.0, 23.0]"
883,"['1766_am.jpg', '1767_am.jpg']","[2.0, 0.0, 1.0, 1.0, 1.0]","[5.0, 5.0, 4.0, 5.0, 4.0]","[5.0, 5.0, 4.0, 2.0, 2.0]","[2.0, 4.0, 5.0, 3.0, 4.0]","['W', 'W', 'M', 'W', 'W']","[['NTA'], ['W', 'NAA'], ['W'], ['W'], ['EA']]","[32.0, 28.0, 21.0, 25.0, 23.0]"
2174,"['4349_wf.jpg', '4348_wf.jpg']","[2.0, 0.0, 0.0, 3.0, 0.0]","[4.0, 5.0, 3.0, 5.0, 5.0]","[5.0, 5.0, 4.0, 5.0, 4.0]","[5.0, 4.0, 4.0, 3.0, 4.0]","['W', 'W', 'M', 'W', 'W']","[['NTA'], ['W', 'NAA'], ['W'], ['W'], ['EA']]","[32.0, 28.0, 21.0, 25.0, 23.0]"
897,"['1795_am.jpg', '1794_am.jpg']","[2.0, 0.0, 1.0, 1.0, 1.0]","[5.0, 5.0, 3.0, 4.0, 5.0]","[5.0, 5.0, 3.0, 4.0, 5.0]","[2.0, 4.0, 3.0, 4.0, 2.0]","['W', 'W', 'M', 'W', 'W']","[['NTA'], ['W', 'NAA'], ['W'], ['W'], ['EA']]","[32.0, 28.0, 21.0, 25.0, 23.0]"
2191,"['4382_wf.jpg', '4383_wf.jpg']","[2.0, 4.0, 1.0, 2.0, 0.0]","[3.0, 5.0, 3.0, 3.0, 5.0]","[5.0, 5.0, 4.0, 3.0, 4.0]","[3.0, 5.0, 3.0, 3.0, 3.0]","['W', 'W', 'M', 'W', 'W']","[['NTA'], ['W', 'NAA'], ['W'], ['W'], ['EA']]","[32.0, 28.0, 21.0, 25.0, 23.0]"
1229,"['2459_bf.jpg', '2458_bf.jpg']","[2.0, 1.0, 1.0, 1.0, 1.0]","[3.0, 5.0, 3.0, 5.0, 5.0]","[5.0, 5.0, 4.0, 3.0, 5.0]","[3.0, 3.0, 3.0, 3.0, 1.0]","['W', 'W', 'M', 'W', 'W']","[['NTA'], ['W', 'NAA'], ['W'], ['W'], ['EA']]","[32.0, 28.0, 21.0, 25.0, 23.0]"
2079,"['4159_wf.jpg', '4158_wf.jpg']","[1.0, 1.0, 1.0, 3.0, 1.0]","[5.0, 5.0, 3.0, 5.0, 5.0]","[5.0, 5.0, 4.0, 5.0, 5.0]","[2.0, 2.0, 4.0, 2.0, 3.0]","['W', 'W', 'M', 'W', 'W']","[['NTA'], ['W', 'NAA'], ['W'], ['W'], ['EA']]","[32.0, 28.0, 21.0, 25.0, 23.0]"
1681,"['3362_bm.jpg', '3363_bm.jpg']","[2.0, 3.0, 3.0, 1.0, 4.0]","[5.0, 5.0, 5.0, 5.0, 5.0]","[5.0, 4.0, 5.0, 2.0, 5.0]","[4.0, 4.0, 5.0, 3.0, 5.0]","['M', 'M', 'W', 'M', 'M']","[['SEA'], ['W'], ['W'], ['W'], ['O']]","[21.0, 0, 42.0, 28.0, 29.0]"
2034,"['4069_wf.jpg', '4068_wf.jpg']","[0.0, 1.0, 0.0, 2.0, 2.0]","[4.0, 5.0, 5.0, 5.0, 1.0]","[3.0, 4.0, 4.0, 4.0, 3.0]","[2.0, 4.0, 3.0, 3.0, 3.0]","['M', 'M', 'W', 'M', 'M']","[['SEA'], ['W'], ['W'], ['W'], ['O']]","[21.0, 0, 42.0, 28.0, 29.0]"
3792,"['7584_wf.jpg', '7585_wf.jpg']","[2.0, 2.0, 1.0, 0.0, 2.0]","[4.0, 5.0, 4.0, 5.0, 1.0]","[4.0, 4.0, 5.0, 5.0, 5.0]","[1.0, 1.0, 4.0, 1.0, 1.0]","['M', 'M', 'W', 'M', 'M']","[['SEA'], ['W'], ['W'], ['W'], ['O']]","[21.0, 0, 42.0, 28.0, 29.0]"
3789,"['7579_wf.jpg', '7578_wf.jpg']","[2.0, 0.0, 1.0, 1.0, 0.0]","[4.0, 5.0, 4.0, 5.0, 1.0]","[3.0, 4.0, 4.0, 5.0, 2.0]","[2.0, 4.0, 4.0, 2.0, 4.0]","['M', 'M', 'W', 'M', 'M']","[['SEA'], ['W'], ['W'], ['W'], ['O']]","[21.0, 0, 42.0, 28.0, 29.0]"
949,"['1899_bf.jpg', '1898_bf.jpg']","[0.0, 1.0, 0.0, 0.0, 0.0]","[4.0, 5.0, 5.0, 5.0, 5.0]","[3.0, 4.0, 4.0, 2.0, 1.0]","[1.0, 2.0, 3.0, 3.0, 1.0]","['M', 'M', 'W', 'M', 'M']","[['SEA'], ['W'], ['W'], ['W'], ['O']]","[21.0, 0, 42.0, 28.0, 29.0]"
795,"['1590_am.jpg', '1591_am.jpg']","[2.0, 1.0, 1.0, 0.0, 0.0]","[4.0, 5.0, 5.0, 5.0, 1.0]","[3.0, 3.0, 5.0, 5.0, 5.0]","[1.0, 2.0, 2.0, 4.0, 3.0]","['M', 'M', 'W', 'M', 'M']","[['SEA'], ['W'], ['W'], ['W'], ['O']]","[21.0, 0, 42.0, 28.0, 29.0]"
1847,"['3695_wf.jpg', '3694_wf.jpg']","[2.0, 3.0, 2.0, 2.0, 2.0]","[4.0, 5.0, 4.0, 5.0, 1.0]","[4.0, 5.0, 4.0, 4.0, 3.0]","[2.0, 3.0, 4.0, 3.0, 5.0]","['M', 'M', 'W', 'M', 'M']","[['SEA'], ['W'], ['W'], ['W'], ['O']]","[21.0, 0, 42.0, 28.0, 29.0]"
4352,"['8705_bm.jpg', '8704_am.jpg']","[0.0, 0.0, 0.0, 0.0, 0.0]","[4.0, 4.0, 5.0, 5.0, 1.0]","[1.0, 1.0, 1.0, 1.0, 1.0]","[1.0, 2.0, 3.0, 3.0, 1.0]","['M', 'M', 'W', 'M', 'M']","[['SEA'], ['W'], ['W'], ['W'], ['O']]","[21.0, 0, 42.0, 28.0, 29.0]"
449,"['898_af.jpg', '899_af.jpg']","[2.0, 1.0, 2.0, 2.0, 1.0]","[4.0, 5.0, 5.0, 5.0, 4.0]","[3.0, 3.0, 5.0, 5.0, 3.0]","[1.0, 4.0, 4.0, 3.0, 3.0]","['M', 'M', 'W', 'M', 'M']","[['SEA'], ['W'], ['W'], ['W'], ['O']]","[21.0, 0, 42.0, 28.0, 29.0]"
1152,"['2305_bf.jpg', '2304_bf.jpg']","[1.0, 3.0, 4.0, 2.0, 0.0]","[4.0, 5.0, 5.0, 5.0, 1.0]","[2.0, 4.0, 5.0, 4.0, 5.0]","[2.0, 4.0, 5.0, 3.0, 5.0]","['M', 'M', 'W', 'M', 'M']","[['SEA'], ['W'], ['W'], ['W'], ['O']]","[21.0, 0, 42.0, 28.0, 29.0]"
1325,"['2650_bf.jpg', '2651_bf.jpg']","[3.0, 2.0, 4.0, 3.0, 3.0]","[5.0, 5.0, 5.0, 5.0, 5.0]","[3.0, 5.0, 5.0, 5.0, 5.0]","[4.0, 4.0, 5.0, 4.0, 1.0]","['M', 'M', 'M', 'M', 'W']","[['MENA'], ['LA'], ['W'], ['W'], ['EA']]","[31.0, 46.0, 24.0, 25.0, 39.0]"
4303,"['8606_am.jpg', '8607_bm.jpg']","[0.0, 0.0, 0.0, 0.0, 0.0]","[5.0, 4.0, 2.0, 5.0, 5.0]","[1.0, 1.0, 1.0, 1.0, 1.0]","[3.0, 2.0, 4.0, 3.0, 1.0]","['M', 'M', 'M', 'M', 'W']","[['MENA'], ['LA'], ['W'], ['W'], ['EA']]","[31.0, 46.0, 24.0, 25.0, 39.0]"
1712,"['3425_bm.jpg', '3424_bm.jpg']","[3.0, 0.0, 4.0, 3.0, 3.0]","[5.0, 4.0, 5.0, 4.0, 5.0]","[4.0, 5.0, 5.0, 5.0, 5.0]","[4.0, 3.0, 5.0, 4.0, 4.0]","['M', 'M', 'M', 'M', 'W']","[['MENA'], ['LA'], ['W'], ['W'], ['EA']]","[31.0, 46.0, 24.0, 25.0, 39.0]"
3651,"['7303_wm.jpg', '7302_wm.jpg']","[1.0, 1.0, 3.0, 3.0, 3.0]","[5.0, 5.0, 4.0, 5.0, 5.0]","[3.0, 4.0, 4.0, 5.0, 5.0]","[4.0, 2.0, 2.0, 1.0, 1.0]","['M', 'M', 'M', 'M', 'W']","[['MENA'], ['LA'], ['W'], ['W'], ['EA']]","[31.0, 46.0, 24.0, 25.0, 39.0]"
1992,"['3984_wf.jpg', '3985_wf.jpg']","[0.0, 4.0, 0.0, 4.0, 4.0]","[5.0, 5.0, 2.0, 5.0, 5.0]","[3.0, 5.0, 4.0, 5.0, 5.0]","[4.0, 5.0, 4.0, 5.0, 5.0]","['M', 'M', 'M', 'M', 'W']","[['MENA'], ['LA'], ['W'], ['W'], ['EA']]","[31.0, 46.0, 24.0, 25.0, 39.0]"
118,"['236_af.jpg', '237_af.jpg']","[0.0, 0.0, 2.0, 3.0, 0.0]","[4.0, 5.0, 3.0, 5.0, 5.0]","[4.0, 5.0, 4.0, 5.0, 5.0]","[4.0, 1.0, 4.0, 4.0, 2.0]","['M', 'M', 'M', 'M', 'W']","[['MENA'], ['LA'], ['W'], ['W'], ['EA']]","[31.0, 46.0, 24.0, 25.0, 39.0]"
1088,"['2177_bf.jpg', '2176_bf.jpg']","[0.0, 0.0, 3.0, 4.0, 0.0]","[5.0, 2.0, 4.0, 5.0, 5.0]","[2.0, 2.0, 3.0, 5.0, 1.0]","[4.0, 4.0, 4.0, 5.0, 3.0]","['M', 'M', 'M', 'M', 'W']","[['MENA'], ['LA'], ['W'], ['W'], ['EA']]","[31.0, 46.0, 24.0, 25.0, 39.0]"
1363,"['2727_bf.jpg', '2726_bf.jpg']","[0.0, 0.0, 3.0, 0.0, 0.0]","[5.0, 3.0, 4.0, 5.0, 5.0]","[1.0, 5.0, 3.0, 2.0, 3.0]","[1.0, 4.0, 4.0, 3.0, 4.0]","['M', 'M', 'M', 'M', 'W']","[['MENA'], ['LA'], ['W'], ['W'], ['EA']]","[31.0, 46.0, 24.0, 25.0, 39.0]"
372,"['744_af.jpg', '745_af.jpg']","[1.0, 1.0, 2.0, 4.0, 4.0]","[5.0, 3.0, 4.0, 5.0, 5.0]","[4.0, 4.0, 3.0, 5.0, 5.0]","[2.0, 4.0, 4.0, 5.0, 5.0]","['M', 'M', 'M', 'M', 'W']","[['MENA'], ['LA'], ['W'], ['W'], ['EA']]","[31.0, 46.0, 24.0, 25.0, 39.0]"
152,"['305_af.jpg', '304_af.jpg']","[0.0, 3.0, 3.0, 1.0, 0.0]","[5.0, 4.0, 4.0, 5.0, 5.0]","[4.0, 5.0, 4.0, 5.0, 5.0]","[2.0, 5.0, 5.0, 2.0, 5.0]","['M', 'M', 'M', 'M', 'W']","[['MENA'], ['LA'], ['W'], ['W'], ['EA']]","[31.0, 46.0, 24.0, 25.0, 39.0]"
764,"['1528_am.jpg', '1529_am.jpg']","[0.0, 1.0, 3.0, 3.0, 3.0]","[3.0, 4.0, 5.0, 5.0, 4.0]","[5.0, 4.0, 5.0, 5.0, 4.0]","[4.0, 3.0, 4.0, 2.0, 4.0]","['W', 'M', 'W', 'W', 'W']","[['LA'], ['W'], ['W'], ['W'], ['SA']]","[34.0, 39.0, 45.0, 38.0, 32.0]"
1242,"['2484_bf.jpg', '2485_bf.jpg']","[0.0, 1.0, 3.0, 4.0, 2.0]","[1.0, 3.0, 5.0, 5.0, 4.0]","[1.0, 2.0, 5.0, 5.0, 3.0]","[4.0, 3.0, 4.0, 5.0, 2.0]","['W', 'M', 'W', 'W', 'W']","[['LA'], ['W'], ['W'], ['W'], ['SA']]","[34.0, 39.0, 45.0, 38.0, 32.0]"
2128,"['4256_wf.jpg', '4257_wf.jpg']","[3.0, 3.0, 4.0, 4.0, 3.0]","[4.0, 4.0, 5.0, 5.0, 5.0]","[5.0, 4.0, 5.0, 5.0, 5.0]","[5.0, 2.0, 5.0, 5.0, 4.0]","['W', 'M', 'W', 'W', 'W']","[['LA'], ['W'], ['W'], ['W'], ['SA']]","[34.0, 39.0, 45.0, 38.0, 32.0]"
2056,"['4112_wf.jpg', '4113_wf.jpg']","[0.0, 3.0, 1.0, 4.0, 3.0]","[4.0, 4.0, 5.0, 5.0, 5.0]","[4.0, 4.0, 5.0, 5.0, 5.0]","[1.0, 4.0, 1.0, 5.0, 2.0]","['W', 'M', 'W', 'W', 'W']","[['LA'], ['W'], ['W'], ['W'], ['SA']]","[34.0, 39.0, 45.0, 38.0, 32.0]"
1257,"['2515_bf.jpg', '2514_bf.jpg']","[1.0, 3.0, 3.0, 1.0, 0.0]","[4.0, 4.0, 5.0, 5.0, 5.0]","[5.0, 4.0, 5.0, 5.0, 5.0]","[3.0, 4.0, 5.0, 4.0, 2.0]","['W', 'M', 'W', 'W', 'W']","[['LA'], ['W'], ['W'], ['W'], ['SA']]","[34.0, 39.0, 45.0, 38.0, 32.0]"
575,"['1150_am.jpg', '1151_am.jpg']","[1.0, 1.0, 0.0, 0.0, 1.0]","[4.0, 3.0, 5.0, 5.0, 4.0]","[4.0, 3.0, 2.0, 2.0, 3.0]","[5.0, 3.0, 4.0, 4.0, 2.0]","['W', 'M', 'W', 'W', 'W']","[['LA'], ['W'], ['W'], ['W'], ['SA']]","[34.0, 39.0, 45.0, 38.0, 32.0]"
563,"['1126_am.jpg', '1127_am.jpg']","[3.0, 2.0, 3.0, 1.0, 0.0]","[4.0, 4.0, 5.0, 5.0, 5.0]","[4.0, 4.0, 5.0, 4.0, 4.0]","[4.0, 3.0, 5.0, 5.0, 4.0]","['W', 'M', 'W', 'W', 'W']","[['LA'], ['W'], ['W'], ['W'], ['SA']]","[34.0, 39.0, 45.0, 38.0, 32.0]"
2055,"['4110_wf.jpg', '4111_wf.jpg']","[0.0, 2.0, 2.0, 0.0, 0.0]","[3.0, 4.0, 5.0, 5.0, 5.0]","[4.0, 3.0, 5.0, 5.0, 4.0]","[1.0, 2.0, 1.0, 1.0, 2.0]","['W', 'M', 'W', 'W', 'W']","[['LA'], ['W'], ['W'], ['W'], ['SA']]","[34.0, 39.0, 45.0, 38.0, 32.0]"
3450,"['6900_bf.jpg', '6901_bf.jpg']","[0.0, 1.0, 0.0, 0.0, 0.0]","[3.0, 4.0, 5.0, 5.0, 5.0]","[5.0, 3.0, 5.0, 5.0, 5.0]","[4.0, 3.0, 4.0, 2.0, 2.0]","['W', 'M', 'W', 'W', 'W']","[['LA'], ['W'], ['W'], ['W'], ['SA']]","[34.0, 39.0, 45.0, 38.0, 32.0]"
96,"['192_af.jpg', '193_af.jpg']","[1.0, 3.0, 2.0, 1.0, 0.0]","[3.0, 3.0, 5.0, 5.0, 5.0]","[4.0, 4.0, 5.0, 5.0, 2.0]","[4.0, 4.0, 5.0, 5.0, 4.0]","['W', 'M', 'W', 'W', 'W']","[['LA'], ['W'], ['W'], ['W'], ['SA']]","[34.0, 39.0, 45.0, 38.0, 32.0]"
3650,"['7300_wm.jpg', '7301_wm.jpg']","[0.0, 0.0, 0.0, 0.0, 2.0]","[5.0, 5.0, 5.0, 5.0, 3.0]","[2.0, 4.0, 3.0, 4.0, 3.0]","[2.0, 4.0, 4.0, 4.0, 3.0]","['M', 'M', 'W', 'M', 'W']","[['W'], ['NAA'], ['W'], ['NTA'], ['SA']]","[26.0, 27.0, 68.0, 0, 46.0]"
3836,"['7673_wf.jpg', '7672_wf.jpg']","[0.0, 0.0, 1.0, 0.0, 1.0]","[5.0, 5.0, 5.0, 5.0, 2.0]","[4.0, 4.0, 4.0, 1.0, 2.0]","[3.0, 2.0, 4.0, 2.0, 2.0]","['M', 'M', 'W', 'M', 'W']","[['W'], ['NAA'], ['W'], ['NTA'], ['SA']]","[26.0, 27.0, 68.0, 0, 46.0]"
867,"['1735_am.jpg', '1734_am.jpg']","[1.0, 0.0, 0.0, 0.0, 2.0]","[5.0, 5.0, 5.0, 5.0, 3.0]","[4.0, 1.0, 3.0, 1.0, 3.0]","[2.0, 2.0, 3.0, 3.0, 3.0]","['M', 'M', 'W', 'M', 'W']","[['W'], ['NAA'], ['W'], ['NTA'], ['SA']]","[26.0, 27.0, 68.0, 0, 46.0]"
1096,"['2192_bf.jpg', '2193_bf.jpg']","[3.0, 2.0, 3.0, 2.0, 2.0]","[5.0, 5.0, 3.0, 5.0, 3.0]","[5.0, 4.0, 4.0, 4.0, 3.0]","[5.0, 2.0, 4.0, 4.0, 3.0]","['M', 'M', 'W', 'M', 'W']","[['W'], ['NAA'], ['W'], ['NTA'], ['SA']]","[26.0, 27.0, 68.0, 0, 46.0]"
3478,"['6957_bf.jpg', '6956_bf.jpg']","[0.0, 1.0, 1.0, 1.0, 1.0]","[5.0, 5.0, 5.0, 5.0, 3.0]","[5.0, 5.0, 3.0, 2.0, 3.0]","[5.0, 1.0, 3.0, 2.0, 3.0]","['M', 'M', 'W', 'M', 'W']","[['W'], ['NAA'], ['W'], ['NTA'], ['SA']]","[26.0, 27.0, 68.0, 0, 46.0]"
1497,"['2994_bm.jpg', '2995_bm.jpg']","[1.0, 0.0, 0.0, 0.0, 1.0]","[5.0, 5.0, 5.0, 5.0, 2.0]","[5.0, 5.0, 5.0, 4.0, 2.0]","[2.0, 2.0, 5.0, 3.0, 2.0]","['M', 'M', 'W', 'M', 'W']","[['W'], ['NAA'], ['W'], ['NTA'], ['SA']]","[26.0, 27.0, 68.0, 0, 46.0]"
1383,"['2766_bm.jpg', '2767_bm.jpg']","[0.0, 0.0, 3.0, 0.0, 3.0]","[1.0, 1.0, 5.0, 2.0, 4.0]","[5.0, 4.0, 4.0, 3.0, 4.0]","[2.0, 1.0, 4.0, 3.0, 2.0]","['M', 'M', 'W', 'M', 'W']","[['W'], ['NAA'], ['W'], ['NTA'], ['SA']]","[26.0, 27.0, 68.0, 0, 46.0]"
1114,"['2229_bf.jpg', '2228_bf.jpg']","[1.0, 3.0, 3.0, 1.0, 2.0]","[5.0, 5.0, 3.0, 4.0, 3.0]","[5.0, 5.0, 5.0, 4.0, 2.0]","[5.0, 4.0, 5.0, 3.0, 3.0]","['M', 'M', 'W', 'M', 'W']","[['W'], ['NAA'], ['W'], ['NTA'], ['SA']]","[26.0, 27.0, 68.0, 0, 46.0]"
573,"['1147_am.jpg', '1146_am.jpg']","[1.0, 0.0, 3.0, 0.0, 1.0]","[5.0, 5.0, 4.0, 5.0, 2.0]","[5.0, 4.0, 5.0, 3.0, 2.0]","[5.0, 3.0, 4.0, 3.0, 2.0]","['M', 'M', 'W', 'M', 'W']","[['W'], ['NAA'], ['W'], ['NTA'], ['SA']]","[26.0, 27.0, 68.0, 0, 46.0]"
1884,"['3769_wf.jpg', '3768_wf.jpg']","[2.0, 1.0, 4.0, 2.0, 0.0]","[5.0, 5.0, 5.0, 5.0, 1.0]","[5.0, 5.0, 5.0, 4.0, 4.0]","[5.0, 4.0, 5.0, 4.0, 4.0]","['M', 'M', 'W', 'M', 'W']","[['W'], ['NAA'], ['W'], ['NTA'], ['SA']]","[26.0, 27.0, 68.0, 0, 46.0]"
33,"['66_af.jpg', '67_af.jpg']","[1.0, 4.0, 4.0, 0.0, 1.0]","[5.0, 5.0, 5.0, 5.0, 4.0]","[4.0, 5.0, 5.0, 5.0, 4.0]","[2.0, 5.0, 5.0, 3.0, 3.0]","['M', 'W', 'W', 'M', 'M']","[['MENA'], ['NAA', 'O'], ['W'], ['W'], ['NTA']]","[32.0, 23.0, 46.0, 35.0, 0]"
454,"['908_af.jpg', '909_af.jpg']","[1.0, 1.0, 1.0, 0.0, 1.0]","[4.0, 3.0, 4.0, 5.0, 4.0]","[4.0, 4.0, 2.0, 4.0, 4.0]","[4.0, 4.0, 2.0, 3.0, 3.0]","['M', 'W', 'W', 'M', 'M']","[['MENA'], ['NAA', 'O'], ['W'], ['W'], ['NTA']]","[32.0, 23.0, 46.0, 35.0, 0]"
819,"['1639_am.jpg', '1638_am.jpg']","[3.0, 4.0, 2.0, 3.0, 3.0]","[5.0, 5.0, 5.0, 5.0, 4.0]","[5.0, 5.0, 4.0, 5.0, 4.0]","[5.0, 5.0, 4.0, 5.0, 4.0]","['M', 'W', 'W', 'M', 'M']","[['MENA'], ['NAA', 'O'], ['W'], ['W'], ['NTA']]","[32.0, 23.0, 46.0, 35.0, 0]"
351,"['702_af.jpg', '703_af.jpg']","[3.0, 4.0, 3.0, 4.0, 2.0]","[5.0, 5.0, 5.0, 5.0, 4.0]","[5.0, 5.0, 5.0, 5.0, 4.0]","[5.0, 5.0, 5.0, 5.0, 4.0]","['M', 'W', 'W', 'M', 'M']","[['MENA'], ['NAA', 'O'], ['W'], ['W'], ['NTA']]","[32.0, 23.0, 46.0, 35.0, 0]"
452,"['905_af.jpg', '904_af.jpg']","[2.0, 4.0, 4.0, 2.0, 1.0]","[5.0, 5.0, 5.0, 5.0, 5.0]","[4.0, 5.0, 5.0, 4.0, 4.0]","[3.0, 5.0, 5.0, 3.0, 3.0]","['M', 'W', 'W', 'M', 'M']","[['MENA'], ['NAA', 'O'], ['W'], ['W'], ['NTA']]","[32.0, 23.0, 46.0, 35.0, 0]"
397,"['795_af.jpg', '794_af.jpg']","[0.0, 3.0, 3.0, 1.0, 2.0]","[5.0, 3.0, 3.0, 5.0, 3.0]","[2.0, 4.0, 4.0, 4.0, 4.0]","[1.0, 2.0, 4.0, 3.0, 4.0]","['M', 'W', 'W', 'M', 'M']","[['MENA'], ['NAA', 'O'], ['W'], ['W'], ['NTA']]","[32.0, 23.0, 46.0, 35.0, 0]"
1911,"['3823_wf.jpg', '3822_wf.jpg']","[0.0, 0.0, 3.0, 0.0, 0.0]","[5.0, 3.0, 5.0, 5.0, 4.0]","[3.0, 1.0, 5.0, 4.0, 2.0]","[2.0, 1.0, 5.0, 1.0, 3.0]","['M', 'W', 'W', 'M', 'M']","[['MENA'], ['NAA', 'O'], ['W'], ['W'], ['NTA']]","[32.0, 23.0, 46.0, 35.0, 0]"
4341,"['8683_bm.jpg', '8682_am.jpg']","[0.0, 0.0, 0.0, 0.0, 0.0]","[5.0, 2.0, 5.0, 5.0, 5.0]","[2.0, 1.0, 1.0, 1.0, 1.0]","[2.0, 4.0, 2.0, 4.0, 2.0]","['M', 'W', 'W', 'M', 'M']","[['MENA'], ['NAA', 'O'], ['W'], ['W'], ['NTA']]","[32.0, 23.0, 46.0, 35.0, 0]"
1342,"['2684_bf.jpg', '2685_bf.jpg']","[1.0, 4.0, 3.0, 3.0, 2.0]","[5.0, 5.0, 5.0, 5.0, 4.0]","[2.0, 5.0, 5.0, 5.0, 4.0]","[2.0, 5.0, 5.0, 5.0, 3.0]","['M', 'W', 'W', 'M', 'M']","[['MENA'], ['NAA', 'O'], ['W'], ['W'], ['NTA']]","[32.0, 23.0, 46.0, 35.0, 0]"
2175,"['4351_wf.jpg', '4350_wf.jpg']","[0.0, 4.0, 4.0, 3.0, 1.0]","[5.0, 5.0, 5.0, 5.0, 5.0]","[2.0, 5.0, 5.0, 4.0, 4.0]","[1.0, 5.0, 5.0, 4.0, 4.0]","['M', 'W', 'W', 'M', 'M']","[['MENA'], ['NAA', 'O'], ['W'], ['W'], ['NTA']]","[32.0, 23.0, 46.0, 35.0, 0]"
1969,"['3939_wf.jpg', '3938_wf.jpg']","[1.0, 0.0, 0.0, 0.0]","[2.0, 1.0, 5.0, 5.0]","[5.0, 5.0, 5.0, 3.0]","[5.0, 3.0, 3.0, 3.0]","['W', 'M', 'W', 'M']","[['EA'], ['W'], ['W'], ['O']]","[28.0, 55.0, 24.0, 20.0]"
95,"['191_af.jpg', '190_af.jpg']","[0.0, 0.0, 2.0, 4.0]","[3.0, 5.0, 5.0, 5.0]","[5.0, 3.0, 4.0, 5.0]","[4.0, 3.0, 4.0, 5.0]","['W', 'M', 'W', 'M']","[['EA'], ['W'], ['W'], ['O']]","[28.0, 55.0, 24.0, 20.0]"
1355,"['2711_bf.jpg', '2710_bf.jpg']","[2.0, 0.0, 1.0, 0.0]","[2.0, 5.0, 5.0, 5.0]","[5.0, 2.0, 5.0, 5.0]","[5.0, 1.0, 4.0, 2.0]","['W', 'M', 'W', 'M']","[['EA'], ['W'], ['W'], ['O']]","[28.0, 55.0, 24.0, 20.0]"
4869,"['9738_am.jpg', '9739_wm.jpg']","[0.0, 0.0, 0.0, 0.0]","[3.0, 1.0, 5.0, 5.0]","[1.0, 1.0, 1.0, 1.0]","[3.0, 1.0, 4.0, 1.0]","['W', 'M', 'W', 'M']","[['EA'], ['W'], ['W'], ['O']]","[28.0, 55.0, 24.0, 20.0]"
448,"['896_af.jpg', '897_af.jpg']","[1.0, 1.0, 1.0, 4.0]","[2.0, 5.0, 5.0, 5.0]","[5.0, 4.0, 3.0, 5.0]","[4.0, 3.0, 4.0, 5.0]","['W', 'M', 'W', 'M']","[['EA'], ['W'], ['W'], ['O']]","[28.0, 55.0, 24.0, 20.0]"
1902,"['3804_wf.jpg', '3805_wf.jpg']","[2.0, 1.0, 0.0, 1.0]","[4.0, 5.0, 5.0, 5.0]","[5.0, 5.0, 5.0, 5.0]","[5.0, 5.0, 3.0, 5.0]","['W', 'M', 'W', 'M']","[['EA'], ['W'], ['W'], ['O']]","[28.0, 55.0, 24.0, 20.0]"
249,"['498_af.jpg', '499_af.jpg']","[1.0, 0.0, 2.0, 0.0]","[5.0, 5.0, 5.0, 5.0]","[5.0, 1.0, 4.0, 2.0]","[5.0, 3.0, 5.0, 4.0]","['W', 'M', 'W', 'M']","[['EA'], ['W'], ['W'], ['O']]","[28.0, 55.0, 24.0, 20.0]"
1177,"['2355_bf.jpg', '2354_bf.jpg']","[1.0, 0.0, 2.0, 1.0]","[4.0, 5.0, 5.0, 5.0]","[4.0, 5.0, 5.0, 5.0]","[5.0, 2.0, 4.0, 3.0]","['W', 'M', 'W', 'M']","[['EA'], ['W'], ['W'], ['O']]","[28.0, 55.0, 24.0, 20.0]"
1842,"['3685_wf.jpg', '3684_wf.jpg']","[3.0, 3.0, 2.0, 2.0]","[4.0, 5.0, 5.0, 3.0]","[5.0, 5.0, 5.0, 3.0]","[5.0, 5.0, 5.0, 3.0]","['W', 'M', 'W', 'M']","[['EA'], ['W'], ['W'], ['O']]","[28.0, 55.0, 24.0, 20.0]"
2,"['5_af.jpg', '4_af.jpg']","[0.0, 0.0, 0.0, 0.0]","[2.0, 5.0, 5.0, 5.0]","[5.0, 1.0, 2.0, 1.0]","[4.0, 3.0, 3.0, 1.0]","['W', 'M', 'W', 'M']","[['EA'], ['W'], ['W'], ['O']]","[28.0, 55.0, 24.0, 20.0]"
2325,"['4650_wm.jpg', '4651_wm.jpg']","[0.0, 0.0, 1.0, 3.0]","[5.0, 5.0, 2.0, 5.0]","[4.0, 5.0, 2.0, 5.0]","[2.0, 4.0, 2.0, 5.0]","['M', 'W', 'W', 'W']","[['SA'], ['NAA'], ['W'], ['W']]","[22.0, 29.0, 25.0, 20.0]"
650,"['1301_am.jpg', '1300_am.jpg']","[3.0, 3.0, 1.0, 4.0]","[5.0, 4.0, 3.0, 5.0]","[5.0, 5.0, 4.0, 5.0]","[4.0, 5.0, 4.0, 5.0]","['M', 'W', 'W', 'W']","[['SA'], ['NAA'], ['W'], ['W']]","[22.0, 29.0, 25.0, 20.0]"
2569,"['5138_wm.jpg', '5139_wm.jpg']","[2.0, 2.0, 3.0, 2.0]","[5.0, 5.0, 4.0, 5.0]","[4.0, 4.0, 4.0, 4.0]","[2.0, 3.0, 4.0, 4.0]","['M', 'W', 'W', 'W']","[['SA'], ['NAA'], ['W'], ['W']]","[22.0, 29.0, 25.0, 20.0]"
3969,"['7938_wf.jpg', '7939_wf.jpg']","[0.0, 0.0, 0.0, 0.0]","[5.0, 2.0, 1.0, 5.0]","[1.0, 1.0, 1.0, 1.0]","[2.0, 1.0, 1.0, 4.0]","['M', 'W', 'W', 'W']","[['SA'], ['NAA'], ['W'], ['W']]","[22.0, 29.0, 25.0, 20.0]"
2225,"['4451_wf.jpg', '4450_wf.jpg']","[3.0, 2.0, 3.0, 3.0]","[5.0, 5.0, 4.0, 5.0]","[5.0, 4.0, 4.0, 5.0]","[4.0, 4.0, 4.0, 4.0]","['M', 'W', 'W', 'W']","[['SA'], ['NAA'], ['W'], ['W']]","[22.0, 29.0, 25.0, 20.0]"
576,"['1153_am.jpg', '1152_am.jpg']","[0.0, 1.0, 1.0, 3.0]","[5.0, 5.0, 4.0, 5.0]","[2.0, 3.0, 2.0, 5.0]","[3.0, 4.0, 4.0, 4.0]","['M', 'W', 'W', 'W']","[['SA'], ['NAA'], ['W'], ['W']]","[22.0, 29.0, 25.0, 20.0]"
3870,"['7741_wf.jpg', '7740_wf.jpg']","[1.0, 0.0, 0.0, 0.0]","[5.0, 4.0, 1.0, 5.0]","[4.0, 4.0, 4.0, 4.0]","[4.0, 3.0, 4.0, 4.0]","['M', 'W', 'W', 'W']","[['SA'], ['NAA'], ['W'], ['W']]","[22.0, 29.0, 25.0, 20.0]"
2997,"['5995_af.jpg', '5994_af.jpg']","[0.0, 0.0, 1.0, 0.0]","[5.0, 4.0, 4.0, 5.0]","[3.0, 3.0, 2.0, 2.0]","[1.0, 4.0, 4.0, 3.0]","['M', 'W', 'W', 'W']","[['SA'], ['NAA'], ['W'], ['W']]","[22.0, 29.0, 25.0, 20.0]"
3085,"['6170_af.jpg', '6171_af.jpg']","[0.0, 1.0, 3.0, 3.0]","[5.0, 4.0, 4.0, 5.0]","[4.0, 5.0, 4.0, 4.0]","[4.0, 3.0, 4.0, 4.0]","['M', 'W', 'W', 'W']","[['SA'], ['NAA'], ['W'], ['W']]","[22.0, 29.0, 25.0, 20.0]"
2072,"['4145_wf.jpg', '4144_wf.jpg']","[0.0, 1.0, 1.0, 3.0]","[5.0, 5.0, 4.0, 5.0]","[4.0, 4.0, 4.0, 5.0]","[1.0, 3.0, 2.0, 4.0]","['M', 'W', 'W', 'W']","[['SA'], ['NAA'], ['W'], ['W']]","[22.0, 29.0, 25.0, 20.0]"
1361,"['2722_bf.jpg', '2723_bf.jpg']","[1.0, 0.0, 3.0, 0.0, 3.0]","[5.0, 5.0, 5.0, 4.0, 5.0]","[3.0, 5.0, 4.0, 3.0, 4.0]","[4.0, 4.0, 5.0, 3.0, 5.0]","['W', 'M', 'W', 'W', 'M']","[['MENA'], ['NAA'], ['W'], ['W'], ['SEA']]","[19.0, 28.0, 21.0, 34.0, 25.0]"
2476,"['4952_wm.jpg', '4953_wm.jpg']","[1.0, 1.0, 3.0, 2.0, 3.0]","[5.0, 5.0, 5.0, 4.0, 5.0]","[5.0, 5.0, 5.0, 5.0, 5.0]","[2.0, 2.0, 4.0, 3.0, 1.0]","['W', 'M', 'W', 'W', 'M']","[['MENA'], ['NAA'], ['W'], ['W'], ['SEA']]","[19.0, 28.0, 21.0, 34.0, 25.0]"
2890,"['5780_am.jpg', '5781_am.jpg']","[1.0, 1.0, 2.0, 2.0, 0.0]","[5.0, 4.0, 5.0, 3.0, 5.0]","[5.0, 3.0, 4.0, 3.0, 4.0]","[3.0, 3.0, 5.0, 4.0, 3.0]","['W', 'M', 'W', 'W', 'M']","[['MENA'], ['NAA'], ['W'], ['W'], ['SEA']]","[19.0, 28.0, 21.0, 34.0, 25.0]"
1793,"['3587_bm.jpg', '3586_bm.jpg']","[0.0, 0.0, 0.0, 0.0, 1.0]","[5.0, 5.0, 5.0, 4.0, 5.0]","[4.0, 4.0, 3.0, 4.0, 4.0]","[3.0, 2.0, 3.0, 3.0, 4.0]","['W', 'M', 'W', 'W', 'M']","[['MENA'], ['NAA'], ['W'], ['W'], ['SEA']]","[19.0, 28.0, 21.0, 34.0, 25.0]"
2468,"['4937_wm.jpg', '4936_wm.jpg']","[1.0, 1.0, 2.0, 1.0, 3.0]","[5.0, 5.0, 5.0, 4.0, 5.0]","[5.0, 4.0, 5.0, 5.0, 5.0]","[4.0, 3.0, 5.0, 4.0, 5.0]","['W', 'M', 'W', 'W', 'M']","[['MENA'], ['NAA'], ['W'], ['W'], ['SEA']]","[19.0, 28.0, 21.0, 34.0, 25.0]"
2678,"['5357_wm.jpg', '5356_wm.jpg']","[2.0, 3.0, 2.0, 3.0, 4.0]","[5.0, 5.0, 5.0, 4.0, 5.0]","[5.0, 5.0, 5.0, 5.0, 5.0]","[4.0, 4.0, 5.0, 5.0, 5.0]","['W', 'M', 'W', 'W', 'M']","[['MENA'], ['NAA'], ['W'], ['W'], ['SEA']]","[19.0, 28.0, 21.0, 34.0, 25.0]"
3355,"['6711_bm.jpg', '6710_bm.jpg']","[2.0, 0.0, 3.0, 2.0, 0.0]","[5.0, 5.0, 5.0, 4.0, 5.0]","[5.0, 5.0, 4.0, 5.0, 4.0]","[4.0, 3.0, 4.0, 5.0, 4.0]","['W', 'M', 'W', 'W', 'M']","[['MENA'], ['NAA'], ['W'], ['W'], ['SEA']]","[19.0, 28.0, 21.0, 34.0, 25.0]"
1137,"['2275_bf.jpg', '2274_bf.jpg']","[4.0, 1.0, 4.0, 3.0, 4.0]","[5.0, 5.0, 5.0, 4.0, 5.0]","[5.0, 5.0, 5.0, 5.0, 5.0]","[5.0, 4.0, 5.0, 5.0, 5.0]","['W', 'M', 'W', 'W', 'M']","[['MENA'], ['NAA'], ['W'], ['W'], ['SEA']]","[19.0, 28.0, 21.0, 34.0, 25.0]"
2267,"['4535_wf.jpg', '4534_wf.jpg']","[3.0, 2.0, 2.0, 2.0, 3.0]","[5.0, 5.0, 5.0, 4.0, 5.0]","[5.0, 3.0, 5.0, 4.0, 5.0]","[5.0, 3.0, 4.0, 4.0, 4.0]","['W', 'M', 'W', 'W', 'M']","[['MENA'], ['NAA'], ['W'], ['W'], ['SEA']]","[19.0, 28.0, 21.0, 34.0, 25.0]"
2197,"['4395_wf.jpg', '4394_wf.jpg']","[3.0, 2.0, 3.0, 3.0, 3.0]","[5.0, 5.0, 5.0, 4.0, 5.0]","[5.0, 4.0, 5.0, 5.0, 5.0]","[5.0, 4.0, 4.0, 5.0, 3.0]","['W', 'M', 'W', 'W', 'M']","[['MENA'], ['NAA'], ['W'], ['W'], ['SEA']]","[19.0, 28.0, 21.0, 34.0, 25.0]"
1960,"['3920_wf.jpg', '3921_wf.jpg']","[0.0, 2.0, 0.0, 2.0, 2.0]","[4.0, 4.0, 5.0, 5.0, 5.0]","[2.0, 4.0, 5.0, 5.0, 5.0]","[2.0, 4.0, 2.0, 1.0, 5.0]","['M', 'W', 'M', 'NB', 'M']","[['EA'], ['W'], ['W'], ['W'], ['NAA']]","[26.0, 48.0, 29.0, 27.0, 27.0]"
2702,"['5405_wm.jpg', '5404_wm.jpg']","[3.0, 2.0, 3.0, 1.0, 3.0]","[5.0, 3.0, 2.0, 4.0, 5.0]","[4.0, 3.0, 5.0, 2.0, 4.0]","[5.0, 3.0, 5.0, 3.0, 5.0]","['M', 'W', 'M', 'NB', 'M']","[['EA'], ['W'], ['W'], ['W'], ['NAA']]","[26.0, 48.0, 29.0, 27.0, 27.0]"
3638,"['7277_wm.jpg', '7276_wf.jpg']","[0.0, 0.0, 0.0, 0.0, 0.0]","[1.0, 1.0, 1.0, 1.0, 1.0]","[4.0, 1.0, 5.0, 5.0, 5.0]","[2.0, 1.0, 4.0, 2.0, 3.0]","['M', 'W', 'M', 'NB', 'M']","[['EA'], ['W'], ['W'], ['W'], ['NAA']]","[26.0, 48.0, 29.0, 27.0, 27.0]"
1854,"['3709_wf.jpg', '3708_wf.jpg']","[3.0, 3.0, 4.0, 2.0, 2.0]","[4.0, 4.0, 5.0, 2.0, 5.0]","[5.0, 4.0, 5.0, 3.0, 5.0]","[5.0, 4.0, 5.0, 3.0, 5.0]","['M', 'W', 'M', 'NB', 'M']","[['EA'], ['W'], ['W'], ['W'], ['NAA']]","[26.0, 48.0, 29.0, 27.0, 27.0]"
2506,"['5012_wm.jpg', '5013_wm.jpg']","[1.0, 1.0, 3.0, 1.0, 2.0]","[5.0, 3.0, 5.0, 5.0, 5.0]","[5.0, 4.0, 5.0, 5.0, 5.0]","[4.0, 4.0, 2.0, 5.0, 5.0]","['M', 'W', 'M', 'NB', 'M']","[['EA'], ['W'], ['W'], ['W'], ['NAA']]","[26.0, 48.0, 29.0, 27.0, 27.0]"
2503,"['5007_wm.jpg', '5006_wm.jpg']","[1.0, 3.0, 0.0, 0.0, 1.0]","[5.0, 4.0, 4.0, 1.0, 5.0]","[4.0, 4.0, 5.0, 5.0, 5.0]","[2.0, 4.0, 5.0, 4.0, 4.0]","['M', 'W', 'M', 'NB', 'M']","[['EA'], ['W'], ['W'], ['W'], ['NAA']]","[26.0, 48.0, 29.0, 27.0, 27.0]"
4518,"['9036_af.jpg', '9037_bf.jpg']","[0.0, 0.0, 0.0, 0.0, 0.0]","[5.0, 2.0, 5.0, 2.0, 4.0]","[1.0, 1.0, 1.0, 1.0, 1.0]","[2.0, 3.0, 2.0, 2.0, 4.0]","['M', 'W', 'M', 'NB', 'M']","[['EA'], ['W'], ['W'], ['W'], ['NAA']]","[26.0, 48.0, 29.0, 27.0, 27.0]"
2675,"['5350_wm.jpg', '5351_wm.jpg']","[3.0, 2.0, 3.0, 1.0, 1.0]","[5.0, 1.0, 5.0, 2.0, 5.0]","[5.0, 4.0, 5.0, 5.0, 5.0]","[5.0, 4.0, 1.0, 5.0, 5.0]","['M', 'W', 'M', 'NB', 'M']","[['EA'], ['W'], ['W'], ['W'], ['NAA']]","[26.0, 48.0, 29.0, 27.0, 27.0]"
2374,"['4749_wm.jpg', '4748_wm.jpg']","[1.0, 2.0, 3.0, 1.0, 3.0]","[5.0, 4.0, 5.0, 5.0, 5.0]","[4.0, 4.0, 4.0, 5.0, 4.0]","[4.0, 2.0, 4.0, 1.0, 5.0]","['M', 'W', 'M', 'NB', 'M']","[['EA'], ['W'], ['W'], ['W'], ['NAA']]","[26.0, 48.0, 29.0, 27.0, 27.0]"
1424,"['2848_bm.jpg', '2849_bm.jpg']","[1.0, 1.0, 1.0, 2.0, 2.0]","[5.0, 2.0, 5.0, 4.0, 5.0]","[5.0, 5.0, 5.0, 4.0, 5.0]","[4.0, 3.0, 4.0, 3.0, 5.0]","['M', 'W', 'M', 'NB', 'M']","[['EA'], ['W'], ['W'], ['W'], ['NAA']]","[26.0, 48.0, 29.0, 27.0, 27.0]"
2700,"['5400_wm.jpg', '5401_wm.jpg']","[1.0, 0.0, 2.0, 2.0, 2.0]","[5.0, 5.0, 2.0, 5.0, 4.0]","[2.0, 4.0, 2.0, 3.0, 4.0]","[3.0, 4.0, 3.0, 3.0, 3.0]","['W', 'W', 'M', 'M', 'M']","[['MENA'], ['O'], ['NTA'], ['W'], ['SA']]","[33.0, 31.0, 28.0, 31.0, 27.0]"
2235,"['4470_wf.jpg', '4471_wf.jpg']","[3.0, 0.0, 1.0, 2.0, 2.0]","[5.0, 5.0, 4.0, 5.0, 5.0]","[4.0, 5.0, 4.0, 4.0, 5.0]","[3.0, 5.0, 4.0, 4.0, 3.0]","['W', 'W', 'M', 'M', 'M']","[['MENA'], ['O'], ['NTA'], ['W'], ['SA']]","[33.0, 31.0, 28.0, 31.0, 27.0]"
3907,"['7814_wf.jpg', '7815_wf.jpg']","[0.0, 0.0, 0.0, 0.0, 0.0]","[5.0, 5.0, 4.0, 4.0, 5.0]","[1.0, 1.0, 1.0, 1.0, 3.0]","[1.0, 1.0, 1.0, 1.0, 1.0]","['W', 'W', 'M', 'M', 'M']","[['MENA'], ['O'], ['NTA'], ['W'], ['SA']]","[33.0, 31.0, 28.0, 31.0, 27.0]"
2553,"['5106_wm.jpg', '5107_wm.jpg']","[0.0, 3.0, 1.0, 1.0, 0.0]","[5.0, 5.0, 5.0, 5.0, 5.0]","[1.0, 4.0, 2.0, 3.0, 3.0]","[3.0, 5.0, 2.0, 4.0, 3.0]","['W', 'W', 'M', 'M', 'M']","[['MENA'], ['O'], ['NTA'], ['W'], ['SA']]","[33.0, 31.0, 28.0, 31.0, 27.0]"
3074,"['6148_af.jpg', '6149_af.jpg']","[0.0, 0.0, 0.0, 2.0, 1.0]","[5.0, 5.0, 2.0, 5.0, 5.0]","[1.0, 4.0, 1.0, 3.0, 3.0]","[1.0, 2.0, 3.0, 2.0, 3.0]","['W', 'W', 'M', 'M', 'M']","[['MENA'], ['O'], ['NTA'], ['W'], ['SA']]","[33.0, 31.0, 28.0, 31.0, 27.0]"
2345,"['4691_wm.jpg', '4690_wm.jpg']","[3.0, 3.0, 2.0, 2.0, 2.0]","[4.0, 5.0, 5.0, 5.0, 5.0]","[4.0, 5.0, 3.0, 3.0, 3.0]","[4.0, 4.0, 1.0, 3.0, 3.0]","['W', 'W', 'M', 'M', 'M']","[['MENA'], ['O'], ['NTA'], ['W'], ['SA']]","[33.0, 31.0, 28.0, 31.0, 27.0]"
3149,"['6299_bm.jpg', '6298_bf.jpg']","[0.0, 0.0, 0.0, 0.0, 0.0]","[1.0, 1.0, 2.0, 1.0, 1.0]","[4.0, 5.0, 2.0, 5.0, 4.0]","[3.0, 1.0, 2.0, 3.0, 3.0]","['W', 'W', 'M', 'M', 'M']","[['MENA'], ['O'], ['NTA'], ['W'], ['SA']]","[33.0, 31.0, 28.0, 31.0, 27.0]"
267,"['534_af.jpg', '535_af.jpg']","[3.0, 3.0, 2.0, 3.0, 2.0]","[5.0, 5.0, 4.0, 5.0, 4.0]","[5.0, 5.0, 3.0, 4.0, 4.0]","[4.0, 5.0, 4.0, 4.0, 3.0]","['W', 'W', 'M', 'M', 'M']","[['MENA'], ['O'], ['NTA'], ['W'], ['SA']]","[33.0, 31.0, 28.0, 31.0, 27.0]"
46,"['92_af.jpg', '93_af.jpg']","[3.0, 4.0, 2.0, 2.0, 2.0]","[3.0, 5.0, 3.0, 3.0, 5.0]","[4.0, 5.0, 3.0, 4.0, 2.0]","[4.0, 5.0, 3.0, 4.0, 3.0]","['W', 'W', 'M', 'M', 'M']","[['MENA'], ['O'], ['NTA'], ['W'], ['SA']]","[33.0, 31.0, 28.0, 31.0, 27.0]"
253,"['506_af.jpg', '507_af.jpg']","[2.0, 3.0, 2.0, 4.0, 2.0]","[4.0, 5.0, 5.0, 5.0, 5.0]","[3.0, 5.0, 3.0, 5.0, 4.0]","[3.0, 4.0, 4.0, 5.0, 3.0]","['W', 'W', 'M', 'M', 'M']","[['MENA'], ['O'], ['NTA'], ['W'], ['SA']]","[33.0, 31.0, 28.0, 31.0, 27.0]"
5012,"['10024_af.jpg', '10025_wf.jpg']","[0.0, 0.0, 0.0, 0.0]","[4.0, 5.0, 4.0, 5.0]","[1.0, 1.0, 1.0, 1.0]","[1.0, 1.0, 1.0, 1.0]","['M', 'W', 'W', 'W']","[['SA'], ['NAA'], ['W'], ['W']]","[19.0, 24.0, 25.0, 34.0]"
3456,"['6912_bf.jpg', '6913_bf.jpg']","[0.0, 0.0, 0.0, 0.0]","[5.0, 5.0, 4.0, 5.0]","[2.0, 5.0, 4.0, 3.0]","[1.0, 2.0, 1.0, 2.0]","['M', 'W', 'W', 'W']","[['SA'], ['NAA'], ['W'], ['W']]","[19.0, 24.0, 25.0, 34.0]"
2619,"['5239_wm.jpg', '5238_wm.jpg']","[0.0, 0.0, 0.0, 0.0]","[5.0, 5.0, 4.0, 5.0]","[1.0, 1.0, 1.0, 1.0]","[5.0, 2.0, 3.0, 2.0]","['M', 'W', 'W', 'W']","[['SA'], ['NAA'], ['W'], ['W']]","[19.0, 24.0, 25.0, 34.0]"
4325,"['8650_am.jpg', '8651_bm.jpg']","[0.0, 0.0, 0.0, 0.0]","[5.0, 5.0, 4.0, 5.0]","[1.0, 2.0, 1.0, 1.0]","[2.0, 4.0, 3.0, 3.0]","['M', 'W', 'W', 'W']","[['SA'], ['NAA'], ['W'], ['W']]","[19.0, 24.0, 25.0, 34.0]"
2624,"['5249_wm.jpg', '5248_wm.jpg']","[2.0, 0.0, 0.0, 2.0]","[5.0, 5.0, 4.0, 5.0]","[5.0, 4.0, 4.0, 5.0]","[5.0, 4.0, 4.0, 4.0]","['M', 'W', 'W', 'W']","[['SA'], ['NAA'], ['W'], ['W']]","[19.0, 24.0, 25.0, 34.0]"
1413,"['2827_bm.jpg', '2826_bm.jpg']","[3.0, 4.0, 4.0, 4.0]","[5.0, 5.0, 5.0, 5.0]","[5.0, 5.0, 5.0, 5.0]","[5.0, 5.0, 5.0, 5.0]","['M', 'W', 'W', 'W']","[['SA'], ['NAA'], ['W'], ['W']]","[19.0, 24.0, 25.0, 34.0]"
2490,"['4981_wm.jpg', '4980_wm.jpg']","[1.0, 1.0, 3.0, 1.0]","[5.0, 5.0, 4.0, 5.0]","[4.0, 4.0, 4.0, 5.0]","[1.0, 1.0, 1.0, 1.0]","['M', 'W', 'W', 'W']","[['SA'], ['NAA'], ['W'], ['W']]","[19.0, 24.0, 25.0, 34.0]"
684,"['1369_am.jpg', '1368_am.jpg']","[3.0, 3.0, 3.0, 3.0]","[5.0, 5.0, 4.0, 5.0]","[5.0, 5.0, 4.0, 5.0]","[5.0, 4.0, 4.0, 5.0]","['M', 'W', 'W', 'W']","[['SA'], ['NAA'], ['W'], ['W']]","[19.0, 24.0, 25.0, 34.0]"
1039,"['2079_bf.jpg', '2078_bf.jpg']","[3.0, 0.0, 3.0, 1.0]","[5.0, 2.0, 4.0, 5.0]","[5.0, 5.0, 4.0, 4.0]","[2.0, 4.0, 1.0, 3.0]","['M', 'W', 'W', 'W']","[['SA'], ['NAA'], ['W'], ['W']]","[19.0, 24.0, 25.0, 34.0]"
2690,"['5380_wm.jpg', '5381_wm.jpg']","[1.0, 1.0, 0.0, 1.0]","[5.0, 5.0, 5.0, 5.0]","[3.0, 2.0, 2.0, 4.0]","[4.0, 2.0, 4.0, 3.0]","['M', 'W', 'W', 'W']","[['SA'], ['NAA'], ['W'], ['W']]","[19.0, 24.0, 25.0, 34.0]"
2621,"['5242_wm.jpg', '5243_wm.jpg']","[0.0, 4.0, 1.0, 4.0, 3.0]","[1.0, 5.0, 5.0, 5.0, 4.0]","[5.0, 5.0, 5.0, 5.0, 5.0]","[4.0, 5.0, 2.0, 5.0, 4.0]","['W', 'M', 'M', 'M', 'W']","[['NTA'], ['LA'], ['W'], ['W'], ['SA']]","[20.0, 22.0, 29.0, 19.0, 28.0]"
2597,"['5194_wm.jpg', '5195_wm.jpg']","[1.0, 2.0, 1.0, 4.0, 2.0]","[2.0, 5.0, 5.0, 5.0, 4.0]","[5.0, 3.0, 5.0, 5.0, 4.0]","[3.0, 3.0, 4.0, 5.0, 3.0]","['W', 'M', 'M', 'M', 'W']","[['NTA'], ['LA'], ['W'], ['W'], ['SA']]","[20.0, 22.0, 29.0, 19.0, 28.0]"
2500,"['5001_wm.jpg', '5000_wm.jpg']","[2.0, 1.0, 3.0, 0.0, 1.0]","[2.0, 5.0, 5.0, 5.0, 4.0]","[5.0, 2.0, 5.0, 5.0, 4.0]","[4.0, 1.0, 4.0, 4.0, 3.0]","['W', 'M', 'M', 'M', 'W']","[['NTA'], ['LA'], ['W'], ['W'], ['SA']]","[20.0, 22.0, 29.0, 19.0, 28.0]"
2280,"['4561_wm.jpg', '4560_wm.jpg']","[2.0, 2.0, 3.0, 0.0, 2.0]","[4.0, 5.0, 5.0, 5.0, 5.0]","[4.0, 4.0, 5.0, 5.0, 4.0]","[4.0, 1.0, 2.0, 2.0, 2.0]","['W', 'M', 'M', 'M', 'W']","[['NTA'], ['LA'], ['W'], ['W'], ['SA']]","[20.0, 22.0, 29.0, 19.0, 28.0]"
4995,"['9990_af.jpg', '9991_wf.jpg']","[0.0, 0.0, 0.0, 0.0, 0.0]","[1.0, 5.0, 5.0, 4.0, 4.0]","[1.0, 1.0, 5.0, 1.0, 2.0]","[4.0, 1.0, 2.0, 2.0, 4.0]","['W', 'M', 'M', 'M', 'W']","[['NTA'], ['LA'], ['W'], ['W'], ['SA']]","[20.0, 22.0, 29.0, 19.0, 28.0]"
2342,"['4685_wm.jpg', '4684_wm.jpg']","[0.0, 3.0, 1.0, 0.0, 4.0]","[2.0, 5.0, 5.0, 5.0, 5.0]","[3.0, 4.0, 5.0, 5.0, 5.0]","[3.0, 4.0, 4.0, 5.0, 5.0]","['W', 'M', 'M', 'M', 'W']","[['NTA'], ['LA'], ['W'], ['W'], ['SA']]","[20.0, 22.0, 29.0, 19.0, 28.0]"
156,"['312_af.jpg', '313_af.jpg']","[0.0, 1.0, 1.0, 0.0, 3.0]","[2.0, 2.0, 4.0, 1.0, 3.0]","[2.0, 2.0, 2.0, 2.0, 3.0]","[2.0, 4.0, 4.0, 4.0, 3.0]","['W', 'M', 'M', 'M', 'W']","[['NTA'], ['LA'], ['W'], ['W'], ['SA']]","[20.0, 22.0, 29.0, 19.0, 28.0]"
431,"['862_af.jpg', '863_af.jpg']","[0.0, 1.0, 1.0, 4.0, 3.0]","[4.0, 5.0, 5.0, 5.0, 5.0]","[5.0, 2.0, 5.0, 5.0, 4.0]","[4.0, 2.0, 4.0, 5.0, 4.0]","['W', 'M', 'M', 'M', 'W']","[['NTA'], ['LA'], ['W'], ['W'], ['SA']]","[20.0, 22.0, 29.0, 19.0, 28.0]"
1536,"['3072_bm.jpg', '3073_bm.jpg']","[2.0, 0.0, 1.0, 0.0, 2.0]","[4.0, 5.0, 5.0, 5.0, 5.0]","[4.0, 1.0, 5.0, 5.0, 5.0]","[4.0, 1.0, 2.0, 4.0, 4.0]","['W', 'M', 'M', 'M', 'W']","[['NTA'], ['LA'], ['W'], ['W'], ['SA']]","[20.0, 22.0, 29.0, 19.0, 28.0]"
2261,"['4522_wf.jpg', '4523_wf.jpg']","[1.0, 4.0, 3.0, 4.0, 4.0]","[4.0, 5.0, 5.0, 5.0, 5.0]","[2.0, 5.0, 5.0, 5.0, 5.0]","[2.0, 5.0, 5.0, 5.0, 5.0]","['W', 'M', 'M', 'M', 'W']","[['NTA'], ['LA'], ['W'], ['W'], ['SA']]","[20.0, 22.0, 29.0, 19.0, 28.0]"
2335,"['4670_wm.jpg', '4671_wm.jpg']","[0.0, 4.0, 1.0, 3.0]","[5.0, 5.0, 5.0, 5.0]","[5.0, 5.0, 4.0, 5.0]","[2.0, 5.0, 5.0, 4.0]","['W', 'W', 'W', 'M']","[['EA'], ['NAA'], ['W'], ['W']]","[29.0, 63.0, 28.0, 43.0]"
334,"['669_af.jpg', '668_af.jpg']","[1.0, 2.0, 4.0, 3.0]","[5.0, 5.0, 5.0, 5.0]","[5.0, 4.0, 5.0, 5.0]","[4.0, 3.0, 5.0, 5.0]","['W', 'W', 'W', 'M']","[['EA'], ['NAA'], ['W'], ['W']]","[29.0, 63.0, 28.0, 43.0]"
88,"['176_af.jpg', '177_af.jpg']","[0.0, 1.0, 2.0, 1.0]","[5.0, 5.0, 5.0, 5.0]","[5.0, 4.0, 3.0, 4.0]","[5.0, 5.0, 4.0, 4.0]","['W', 'W', 'W', 'M']","[['EA'], ['NAA'], ['W'], ['W']]","[29.0, 63.0, 28.0, 43.0]"
2477,"['4954_wm.jpg', '4955_wm.jpg']","[0.0, 2.0, 0.0, 2.0]","[5.0, 1.0, 5.0, 5.0]","[5.0, 3.0, 4.0, 5.0]","[4.0, 3.0, 4.0, 5.0]","['W', 'W', 'W', 'M']","[['EA'], ['NAA'], ['W'], ['W']]","[29.0, 63.0, 28.0, 43.0]"
5019,"['10038_af.jpg', '10039_wf.jpg']","[1.0, 0.0, 0.0, 0.0]","[5.0, 1.0, 5.0, 5.0]","[4.0, 1.0, 1.0, 1.0]","[5.0, 1.0, 1.0, 1.0]","['W', 'W', 'W', 'M']","[['EA'], ['NAA'], ['W'], ['W']]","[29.0, 63.0, 28.0, 43.0]"
4547,"['9094_af.jpg', '9095_bf.jpg']","[0.0, 0.0, 0.0, 0.0]","[5.0, 4.0, 5.0, 5.0]","[1.0, 1.0, 1.0, 1.0]","[1.0, 1.0, 1.0, 3.0]","['W', 'W', 'W', 'M']","[['EA'], ['NAA'], ['W'], ['W']]","[29.0, 63.0, 28.0, 43.0]"
2623,"['5247_wm.jpg', '5246_wm.jpg']","[1.0, 4.0, 2.0, 4.0]","[5.0, 5.0, 5.0, 5.0]","[5.0, 5.0, 3.0, 5.0]","[4.0, 5.0, 3.0, 5.0]","['W', 'W', 'W', 'M']","[['EA'], ['NAA'], ['W'], ['W']]","[29.0, 63.0, 28.0, 43.0]"
2446,"['4892_wm.jpg', '4893_wm.jpg']","[0.0, 2.0, 3.0, 0.0]","[5.0, 3.0, 5.0, 5.0]","[1.0, 3.0, 5.0, 5.0]","[3.0, 3.0, 5.0, 5.0]","['W', 'W', 'W', 'M']","[['EA'], ['NAA'], ['W'], ['W']]","[29.0, 63.0, 28.0, 43.0]"
2318,"['4636_wm.jpg', '4637_wm.jpg']","[2.0, 2.0, 2.0, 3.0]","[5.0, 5.0, 5.0, 5.0]","[5.0, 5.0, 3.0, 5.0]","[5.0, 3.0, 3.0, 5.0]","['W', 'W', 'W', 'M']","[['EA'], ['NAA'], ['W'], ['W']]","[29.0, 63.0, 28.0, 43.0]"
2918,"['5837_am.jpg', '5836_am.jpg']","[0.0, 2.0, 1.0, 0.0]","[5.0, 5.0, 5.0, 5.0]","[5.0, 3.0, 2.0, 5.0]","[4.0, 3.0, 4.0, 4.0]","['W', 'W', 'W', 'M']","[['EA'], ['NAA'], ['W'], ['W']]","[29.0, 63.0, 28.0, 43.0]"
2654,"['5308_wm.jpg', '5309_wm.jpg']","[0.0, 0.0, 0.0, 0.0, 0.0]","[1.0, 1.0, 1.0, 1.0, 1.0]","[2.0, 4.0, 2.0, 2.0, 1.0]","[3.0, 3.0, 3.0, 4.0, 1.0]","['W', 'W', 'W', 'M', 'W']","[['SA'], ['NTA'], ['W'], ['W'], ['NAA']]","[29.0, 35.0, 26.0, 28.0, 51.0]"
2316,"['4633_wm.jpg', '4632_wm.jpg']","[3.0, 3.0, 3.0, 3.0, 4.0]","[5.0, 5.0, 5.0, 5.0, 5.0]","[4.0, 5.0, 5.0, 5.0, 5.0]","[5.0, 4.0, 4.0, 5.0, 5.0]","['W', 'W', 'W', 'M', 'W']","[['SA'], ['NTA'], ['W'], ['W'], ['NAA']]","[29.0, 35.0, 26.0, 28.0, 51.0]"
52,"['105_af.jpg', '104_af.jpg']","[1.0, 2.0, 1.0, 2.0, 0.0]","[3.0, 3.0, 3.0, 4.0, 2.0]","[4.0, 5.0, 5.0, 5.0, 2.0]","[3.0, 4.0, 3.0, 2.0, 3.0]","['W', 'W', 'W', 'M', 'W']","[['SA'], ['NTA'], ['W'], ['W'], ['NAA']]","[29.0, 35.0, 26.0, 28.0, 51.0]"
3313,"['6627_bm.jpg', '6626_bm.jpg']","[0.0, 0.0, 0.0, 1.0, 0.0]","[5.0, 5.0, 5.0, 4.0, 5.0]","[4.0, 5.0, 4.0, 5.0, 5.0]","[2.0, 2.0, 1.0, 1.0, 3.0]","['W', 'W', 'W', 'M', 'W']","[['SA'], ['NTA'], ['W'], ['W'], ['NAA']]","[29.0, 35.0, 26.0, 28.0, 51.0]"
3694,"['7388_wm.jpg', '7389_wm.jpg']","[0.0, 1.0, 0.0, 0.0, 0.0]","[5.0, 5.0, 5.0, 3.0, 5.0]","[3.0, 4.0, 4.0, 4.0, 1.0]","[4.0, 3.0, 2.0, 2.0, 3.0]","['W', 'W', 'W', 'M', 'W']","[['SA'], ['NTA'], ['W'], ['W'], ['NAA']]","[29.0, 35.0, 26.0, 28.0, 51.0]"
1571,"['3142_bm.jpg', '3143_bm.jpg']","[1.0, 2.0, 3.0, 1.0, 0.0]","[5.0, 5.0, 5.0, 4.0, 1.0]","[5.0, 5.0, 5.0, 5.0, 1.0]","[3.0, 4.0, 4.0, 4.0, 1.0]","['W', 'W', 'W', 'M', 'W']","[['SA'], ['NTA'], ['W'], ['W'], ['NAA']]","[29.0, 35.0, 26.0, 28.0, 51.0]"
2671,"['5343_wm.jpg', '5342_wm.jpg']","[0.0, 0.0, 1.0, 2.0, 0.0]","[5.0, 5.0, 5.0, 2.0, 1.0]","[3.0, 5.0, 4.0, 4.0, 1.0]","[2.0, 3.0, 4.0, 3.0, 1.0]","['W', 'W', 'W', 'M', 'W']","[['SA'], ['NTA'], ['W'], ['W'], ['NAA']]","[29.0, 35.0, 26.0, 28.0, 51.0]"
56,"['113_af.jpg', '112_af.jpg']","[2.0, 3.0, 1.0, 0.0, 4.0]","[5.0, 5.0, 5.0, 2.0, 5.0]","[4.0, 5.0, 5.0, 5.0, 5.0]","[4.0, 5.0, 4.0, 4.0, 5.0]","['W', 'W', 'W', 'M', 'W']","[['SA'], ['NTA'], ['W'], ['W'], ['NAA']]","[29.0, 35.0, 26.0, 28.0, 51.0]"
2292,"['4585_wm.jpg', '4584_wm.jpg']","[1.0, 3.0, 2.0, 3.0, 0.0]","[5.0, 5.0, 5.0, 2.0, 3.0]","[4.0, 5.0, 3.0, 5.0, 3.0]","[3.0, 5.0, 3.0, 4.0, 3.0]","['W', 'W', 'W', 'M', 'W']","[['SA'], ['NTA'], ['W'], ['W'], ['NAA']]","[29.0, 35.0, 26.0, 28.0, 51.0]"
4432,"['8864_af.jpg', '8865_bf.jpg']","[0.0, 1.0, 0.0, 2.0, 0.0]","[5.0, 5.0, 3.0, 3.0, 4.0]","[1.0, 2.0, 2.0, 5.0, 3.0]","[3.0, 3.0, 3.0, 4.0, 3.0]","['W', 'W', 'W', 'M', 'W']","[['SA'], ['NTA'], ['W'], ['W'], ['NAA']]","[29.0, 35.0, 26.0, 28.0, 51.0]"
1972,"['3945_wf.jpg', '3944_wf.jpg']","[2.0, 0.0, 4.0, 3.0]","[5.0, 5.0, 5.0, 5.0]","[5.0, 1.0, 5.0, 5.0]","[4.0, 1.0, 5.0, 5.0]","['W', 'W', 'W', 'M']","[['SA'], ['NAA'], ['W'], ['W']]","[34.0, 19.0, 42.0, 25.0]"
3990,"['7981_wf.jpg', '7980_wf.jpg']","[1.0, 0.0, 2.0, 2.0]","[5.0, 5.0, 4.0, 5.0]","[2.0, 1.0, 1.0, 3.0]","[3.0, 1.0, 3.0, 4.0]","['W', 'W', 'W', 'M']","[['SA'], ['NAA'], ['W'], ['W']]","[34.0, 19.0, 42.0, 25.0]"
28,"['57_af.jpg', '56_af.jpg']","[3.0, 3.0, 0.0, 2.0]","[5.0, 5.0, 4.0, 3.0]","[5.0, 5.0, 1.0, 3.0]","[5.0, 4.0, 3.0, 4.0]","['W', 'W', 'W', 'M']","[['SA'], ['NAA'], ['W'], ['W']]","[34.0, 19.0, 42.0, 25.0]"
2974,"['5949_am.jpg', '5948_am.jpg']","[3.0, 3.0, 2.0, 2.0]","[5.0, 5.0, 4.0, 5.0]","[5.0, 5.0, 3.0, 3.0]","[4.0, 1.0, 2.0, 3.0]","['W', 'W', 'W', 'M']","[['SA'], ['NAA'], ['W'], ['W']]","[34.0, 19.0, 42.0, 25.0]"
1544,"['3089_bm.jpg', '3088_bm.jpg']","[4.0, 3.0, 2.0, 2.0]","[5.0, 4.0, 4.0, 5.0]","[5.0, 5.0, 3.0, 3.0]","[5.0, 4.0, 2.0, 3.0]","['W', 'W', 'W', 'M']","[['SA'], ['NAA'], ['W'], ['W']]","[34.0, 19.0, 42.0, 25.0]"
1328,"['2657_bf.jpg', '2656_bf.jpg']","[3.0, 0.0, 1.0, 3.0]","[5.0, 5.0, 5.0, 5.0]","[5.0, 4.0, 2.0, 5.0]","[4.0, 3.0, 4.0, 4.0]","['W', 'W', 'W', 'M']","[['SA'], ['NAA'], ['W'], ['W']]","[34.0, 19.0, 42.0, 25.0]"
2238,"['4476_wf.jpg', '4477_wf.jpg']","[1.0, 0.0, 0.0, 0.0]","[5.0, 5.0, 4.0, 5.0]","[2.0, 1.0, 1.0, 2.0]","[3.0, 1.0, 3.0, 4.0]","['W', 'W', 'W', 'M']","[['SA'], ['NAA'], ['W'], ['W']]","[34.0, 19.0, 42.0, 25.0]"
1835,"['3670_wf.jpg', '3671_wf.jpg']","[4.0, 3.0, 2.0, 3.0]","[5.0, 5.0, 5.0, 5.0]","[5.0, 5.0, 4.0, 5.0]","[5.0, 2.0, 4.0, 4.0]","['W', 'W', 'W', 'M']","[['SA'], ['NAA'], ['W'], ['W']]","[34.0, 19.0, 42.0, 25.0]"
2445,"['4891_wm.jpg', '4890_wm.jpg']","[4.0, 0.0, 2.0, 1.0]","[5.0, 5.0, 5.0, 5.0]","[5.0, 4.0, 3.0, 5.0]","[5.0, 1.0, 1.0, 3.0]","['W', 'W', 'W', 'M']","[['SA'], ['NAA'], ['W'], ['W']]","[34.0, 19.0, 42.0, 25.0]"
2492,"['4985_wm.jpg', '4984_wm.jpg']","[4.0, 0.0, 4.0, 2.0]","[5.0, 5.0, 5.0, 5.0]","[5.0, 3.0, 5.0, 5.0]","[5.0, 1.0, 5.0, 3.0]","['W', 'W', 'W', 'M']","[['SA'], ['NAA'], ['W'], ['W']]","[34.0, 19.0, 42.0, 25.0]"
1762,"['3525_bm.jpg', '3524_bm.jpg']","[1.0, 3.0, 1.0, 0.0]","[1.0, 5.0, 5.0, 5.0]","[4.0, 5.0, 5.0, 5.0]","[4.0, 3.0, 3.0, 4.0]","['M', 'M', 'M', 'W']","[['SEA'], ['NAA'], ['W'], ['W']]","[25.0, 39.0, 26.0, 41.0]"
3191,"['6383_bm.jpg', '6382_bf.jpg']","[0.0, 0.0, 0.0, 0.0]","[1.0, 1.0, 1.0, 1.0]","[4.0, 5.0, 4.0, 2.0]","[3.0, 1.0, 2.0, 1.0]","['M', 'M', 'M', 'W']","[['SEA'], ['NAA'], ['W'], ['W']]","[25.0, 39.0, 26.0, 41.0]"
571,"['1143_am.jpg', '1142_am.jpg']","[0.0, 3.0, 3.0, 1.0]","[1.0, 4.0, 5.0, 5.0]","[4.0, 5.0, 5.0, 5.0]","[3.0, 4.0, 5.0, 5.0]","['M', 'M', 'M', 'W']","[['SEA'], ['NAA'], ['W'], ['W']]","[25.0, 39.0, 26.0, 41.0]"
1809,"['3619_bm.jpg', '3618_bm.jpg']","[1.0, 0.0, 2.0, 0.0]","[3.0, 2.0, 5.0, 5.0]","[5.0, 5.0, 4.0, 4.0]","[3.0, 5.0, 2.0, 2.0]","['M', 'M', 'M', 'W']","[['SEA'], ['NAA'], ['W'], ['W']]","[25.0, 39.0, 26.0, 41.0]"
2727,"['5454_wm.jpg', '5455_wm.jpg']","[0.0, 0.0, 2.0, 0.0]","[4.0, 5.0, 5.0, 5.0]","[5.0, 5.0, 5.0, 5.0]","[2.0, 4.0, 4.0, 1.0]","['M', 'M', 'M', 'W']","[['SEA'], ['NAA'], ['W'], ['W']]","[25.0, 39.0, 26.0, 41.0]"
2848,"['5696_af.jpg', '5697_am.jpg']","[0.0, 0.0, 0.0, 0.0]","[1.0, 1.0, 1.0, 1.0]","[4.0, 4.0, 2.0, 4.0]","[3.0, 4.0, 3.0, 4.0]","['M', 'M', 'M', 'W']","[['SEA'], ['NAA'], ['W'], ['W']]","[25.0, 39.0, 26.0, 41.0]"
2703,"['5407_wm.jpg', '5406_wm.jpg']","[1.0, 2.0, 1.0, 0.0]","[4.0, 4.0, 4.0, 5.0]","[5.0, 5.0, 4.0, 4.0]","[4.0, 3.0, 4.0, 4.0]","['M', 'M', 'M', 'W']","[['SEA'], ['NAA'], ['W'], ['W']]","[25.0, 39.0, 26.0, 41.0]"
1574,"['3149_bm.jpg', '3148_bm.jpg']","[0.0, 1.0, 1.0, 1.0]","[4.0, 4.0, 5.0, 5.0]","[4.0, 5.0, 5.0, 4.0]","[3.0, 5.0, 3.0, 4.0]","['M', 'M', 'M', 'W']","[['SEA'], ['NAA'], ['W'], ['W']]","[25.0, 39.0, 26.0, 41.0]"
4059,"['8118_am.jpg', '8119_bf.jpg']","[0.0, 0.0, 0.0, 0.0]","[1.0, 1.0, 1.0, 1.0]","[1.0, 1.0, 2.0, 2.0]","[1.0, 4.0, 3.0, 2.0]","['M', 'M', 'M', 'W']","[['SEA'], ['NAA'], ['W'], ['W']]","[25.0, 39.0, 26.0, 41.0]"
2610,"['5220_wm.jpg', '5221_wm.jpg']","[0.0, 2.0, 2.0, 0.0]","[5.0, 4.0, 5.0, 5.0]","[4.0, 5.0, 5.0, 5.0]","[4.0, 2.0, 5.0, 2.0]","['M', 'M', 'M', 'W']","[['SEA'], ['NAA'], ['W'], ['W']]","[25.0, 39.0, 26.0, 41.0]"
621,"['1243_am.jpg', '1242_am.jpg']","[1.0, 0.0, 0.0, 2.0]","[5.0, 5.0, 5.0, 4.0]","[4.0, 2.0, 4.0, 3.0]","[4.0, 1.0, 3.0, 3.0]","['M', 'M', 'M', 'W']","[['EA'], ['NAA'], ['W'], ['W']]","[23.0, 35.0, 32.0, 0]"
3115,"['6230_af.jpg', '6231_af.jpg']","[1.0, 0.0, 0.0, 0.0]","[5.0, 5.0, 5.0, 4.0]","[5.0, 5.0, 5.0, 2.0]","[2.0, 1.0, 4.0, 3.0]","['M', 'M', 'M', 'W']","[['EA'], ['NAA'], ['W'], ['W']]","[23.0, 35.0, 32.0, 0]"
2239,"['4478_wf.jpg', '4479_wf.jpg']","[3.0, 0.0, 2.0, 3.0]","[5.0, 4.0, 5.0, 4.0]","[5.0, 4.0, 5.0, 4.0]","[1.0, 2.0, 5.0, 4.0]","['M', 'M', 'M', 'W']","[['EA'], ['NAA'], ['W'], ['W']]","[23.0, 35.0, 32.0, 0]"
2469,"['4938_wm.jpg', '4939_wm.jpg']","[1.0, 0.0, 1.0, 0.0]","[5.0, 5.0, 5.0, 5.0]","[5.0, 4.0, 5.0, 5.0]","[4.0, 3.0, 3.0, 5.0]","['M', 'M', 'M', 'W']","[['EA'], ['NAA'], ['W'], ['W']]","[23.0, 35.0, 32.0, 0]"
611,"['1223_am.jpg', '1222_am.jpg']","[3.0, 4.0, 3.0, 4.0]","[5.0, 5.0, 5.0, 5.0]","[4.0, 5.0, 5.0, 5.0]","[4.0, 5.0, 4.0, 5.0]","['M', 'M', 'M', 'W']","[['EA'], ['NAA'], ['W'], ['W']]","[23.0, 35.0, 32.0, 0]"
353,"['707_af.jpg', '706_af.jpg']","[3.0, 0.0, 3.0, 3.0]","[5.0, 5.0, 5.0, 4.0]","[5.0, 5.0, 5.0, 4.0]","[3.0, 4.0, 4.0, 3.0]","['M', 'M', 'M', 'W']","[['EA'], ['NAA'], ['W'], ['W']]","[23.0, 35.0, 32.0, 0]"
644,"['1289_am.jpg', '1288_am.jpg']","[3.0, 4.0, 3.0, 3.0]","[5.0, 5.0, 5.0, 5.0]","[5.0, 5.0, 5.0, 5.0]","[3.0, 5.0, 4.0, 5.0]","['M', 'M', 'M', 'W']","[['EA'], ['NAA'], ['W'], ['W']]","[23.0, 35.0, 32.0, 0]"
2218,"['4437_wf.jpg', '4436_wf.jpg']","[1.0, 1.0, 0.0, 2.0]","[5.0, 5.0, 5.0, 5.0]","[2.0, 4.0, 5.0, 5.0]","[1.0, 4.0, 2.0, 5.0]","['M', 'M', 'M', 'W']","[['EA'], ['NAA'], ['W'], ['W']]","[23.0, 35.0, 32.0, 0]"
3409,"['6818_bf.jpg', '6819_bf.jpg']","[1.0, 0.0, 3.0, 1.0]","[5.0, 5.0, 5.0, 4.0]","[5.0, 5.0, 5.0, 4.0]","[3.0, 4.0, 2.0, 4.0]","['M', 'M', 'M', 'W']","[['EA'], ['NAA'], ['W'], ['W']]","[23.0, 35.0, 32.0, 0]"
2670,"['5341_wm.jpg', '5340_wm.jpg']","[0.0, 4.0, 1.0, 1.0]","[5.0, 5.0, 5.0, 4.0]","[5.0, 5.0, 5.0, 4.0]","[2.0, 5.0, 2.0, 4.0]","['M', 'M', 'M', 'W']","[['EA'], ['NAA'], ['W'], ['W']]","[23.0, 35.0, 32.0, 0]"
763,"['1526_am.jpg', '1527_am.jpg']","[1.0, 0.0, 2.0, 2.0]","[1.0, 1.0, 4.0, 5.0]","[4.0, 5.0, 5.0, 5.0]","[3.0, 5.0, 3.0, 3.0]","['W', 'M', 'M', 'W']","[['SA'], ['W'], ['W'], ['W', 'LA', 'SEA']]","[53.0, 37.0, 31.0, 37.0]"
2502,"['5004_wm.jpg', '5005_wm.jpg']","[1.0, 0.0, 1.0, 2.0]","[4.0, 2.0, 3.0, 5.0]","[5.0, 5.0, 4.0, 3.0]","[4.0, 4.0, 2.0, 3.0]","['W', 'M', 'M', 'W']","[['SA'], ['W'], ['W'], ['W', 'LA', 'SEA']]","[53.0, 37.0, 31.0, 37.0]"
4,"['9_af.jpg', '8_af.jpg']","[3.0, 4.0, 1.0, 3.0]","[4.0, 5.0, 5.0, 4.0]","[5.0, 5.0, 4.0, 5.0]","[5.0, 5.0, 3.0, 4.0]","['W', 'M', 'M', 'W']","[['SA'], ['W'], ['W'], ['W', 'LA', 'SEA']]","[53.0, 37.0, 31.0, 37.0]"
2726,"['5452_wm.jpg', '5453_wm.jpg']","[0.0, 0.0, 1.0, 1.0]","[2.0, 1.0, 4.0, 5.0]","[4.0, 5.0, 2.0, 3.0]","[4.0, 4.0, 1.0, 2.0]","['W', 'M', 'M', 'W']","[['SA'], ['W'], ['W'], ['W', 'LA', 'SEA']]","[53.0, 37.0, 31.0, 37.0]"
330,"['660_af.jpg', '661_af.jpg']","[0.0, 4.0, 3.0, 3.0]","[2.0, 5.0, 5.0, 5.0]","[4.0, 5.0, 5.0, 5.0]","[4.0, 5.0, 5.0, 4.0]","['W', 'M', 'M', 'W']","[['SA'], ['W'], ['W'], ['W', 'LA', 'SEA']]","[53.0, 37.0, 31.0, 37.0]"
2653,"['5307_wm.jpg', '5306_wm.jpg']","[3.0, 4.0, 3.0, 2.0]","[4.0, 5.0, 4.0, 5.0]","[4.0, 5.0, 5.0, 4.0]","[4.0, 5.0, 5.0, 3.0]","['W', 'M', 'M', 'W']","[['SA'], ['W'], ['W'], ['W', 'LA', 'SEA']]","[53.0, 37.0, 31.0, 37.0]"
2346,"['4693_wm.jpg', '4692_wm.jpg']","[2.0, 0.0, 1.0, 1.0]","[3.0, 1.0, 4.0, 5.0]","[3.0, 1.0, 4.0, 2.0]","[3.0, 1.0, 1.0, 2.0]","['W', 'M', 'M', 'W']","[['SA'], ['W'], ['W'], ['W', 'LA', 'SEA']]","[53.0, 37.0, 31.0, 37.0]"
4023,"['8047_wf.jpg', '8046_wf.jpg']","[0.0, 0.0, 2.0, 3.0]","[4.0, 5.0, 5.0, 5.0]","[3.0, 1.0, 3.0, 5.0]","[3.0, 4.0, 4.0, 4.0]","['W', 'M', 'M', 'W']","[['SA'], ['W'], ['W'], ['W', 'LA', 'SEA']]","[53.0, 37.0, 31.0, 37.0]"
3820,"['7640_wf.jpg', '7641_wf.jpg']","[0.0, 0.0, 0.0, 1.0]","[2.0, 1.0, 4.0, 5.0]","[3.0, 4.0, 4.0, 3.0]","[2.0, 4.0, 3.0, 2.0]","['W', 'M', 'M', 'W']","[['SA'], ['W'], ['W'], ['W', 'LA', 'SEA']]","[53.0, 37.0, 31.0, 37.0]"
2571,"['5142_wm.jpg', '5143_wm.jpg']","[0.0, 0.0, 1.0, 1.0]","[1.0, 1.0, 4.0, 5.0]","[1.0, 5.0, 3.0, 2.0]","[1.0, 4.0, 3.0, 2.0]","['W', 'M', 'M', 'W']","[['SA'], ['W'], ['W'], ['W', 'LA', 'SEA']]","[53.0, 37.0, 31.0, 37.0]"
1486,"['2973_bm.jpg', '2972_bm.jpg']","[4.0, 4.0, 4.0, 3.0]","[5.0, 5.0, 5.0, 5.0]","[5.0, 5.0, 5.0, 5.0]","[5.0, 5.0, 5.0, 4.0]","['M', 'M', 'M', 'M']","[['SA'], ['NAA'], ['W'], ['W']]","[27.0, 26.0, 23.0, 28.0]"
2566,"['5132_wm.jpg', '5133_wm.jpg']","[0.0, 0.0, 2.0, 0.0]","[5.0, 2.0, 5.0, 5.0]","[2.0, 1.0, 4.0, 4.0]","[1.0, 1.0, 1.0, 2.0]","['M', 'M', 'M', 'M']","[['SA'], ['NAA'], ['W'], ['W']]","[27.0, 26.0, 23.0, 28.0]"
245,"['491_af.jpg', '490_af.jpg']","[3.0, 4.0, 4.0, 0.0]","[5.0, 5.0, 5.0, 4.0]","[5.0, 5.0, 5.0, 4.0]","[3.0, 5.0, 5.0, 4.0]","['M', 'M', 'M', 'M']","[['SA'], ['NAA'], ['W'], ['W']]","[27.0, 26.0, 23.0, 28.0]"
5033,"['10067_wf.jpg', '10066_af.jpg']","[0.0, 0.0, 0.0, 0.0]","[5.0, 5.0, 5.0, 5.0]","[1.0, 4.0, 1.0, 1.0]","[3.0, 5.0, 1.0, 1.0]","['M', 'M', 'M', 'M']","[['SA'], ['NAA'], ['W'], ['W']]","[27.0, 26.0, 23.0, 28.0]"
2552,"['5105_wm.jpg', '5104_wm.jpg']","[0.0, 3.0, 2.0, 1.0]","[5.0, 4.0, 5.0, 5.0]","[4.0, 4.0, 4.0, 4.0]","[4.0, 5.0, 4.0, 4.0]","['M', 'M', 'M', 'M']","[['SA'], ['NAA'], ['W'], ['W']]","[27.0, 26.0, 23.0, 28.0]"
4098,"['8196_am.jpg', '8197_bf.jpg']","[0.0, 3.0, 0.0, 0.0]","[1.0, 4.0, 1.0, 2.0]","[1.0, 5.0, 1.0, 1.0]","[1.0, 4.0, 3.0, 2.0]","['M', 'M', 'M', 'M']","[['SA'], ['NAA'], ['W'], ['W']]","[27.0, 26.0, 23.0, 28.0]"
2728,"['5457_wm.jpg', '5456_wm.jpg']","[0.0, 1.0, 1.0, 0.0]","[3.0, 4.0, 3.0, 1.0]","[1.0, 5.0, 5.0, 4.0]","[2.0, 4.0, 3.0, 2.0]","['M', 'M', 'M', 'M']","[['SA'], ['NAA'], ['W'], ['W']]","[27.0, 26.0, 23.0, 28.0]"
4101,"['8202_am.jpg', '8203_bf.jpg']","[0.0, 0.0, 0.0, 0.0]","[1.0, 1.0, 1.0, 1.0]","[1.0, 1.0, 1.0, 1.0]","[1.0, 1.0, 2.0, 1.0]","['M', 'M', 'M', 'M']","[['SA'], ['NAA'], ['W'], ['W']]","[27.0, 26.0, 23.0, 28.0]"
4446,"['8893_bf.jpg', '8892_af.jpg']","[0.0, 0.0, 0.0, 0.0]","[5.0, 1.0, 1.0, 5.0]","[1.0, 1.0, 1.0, 1.0]","[1.0, 1.0, 1.0, 1.0]","['M', 'M', 'M', 'M']","[['SA'], ['NAA'], ['W'], ['W']]","[27.0, 26.0, 23.0, 28.0]"
2451,"['4903_wm.jpg', '4902_wm.jpg']","[1.0, 1.0, 0.0, 0.0]","[5.0, 2.0, 5.0, 5.0]","[4.0, 2.0, 3.0, 4.0]","[4.0, 2.0, 4.0, 3.0]","['M', 'M', 'M', 'M']","[['SA'], ['NAA'], ['W'], ['W']]","[27.0, 26.0, 23.0, 28.0]"
2554,"['5108_wm.jpg', '5109_wm.jpg']","[0.0, 0.0, 0.0, 0.0, 1.0]","[2.0, 4.0, 5.0, 5.0, 2.0]","[2.0, 3.0, 4.0, 5.0, 3.0]","[3.0, 4.0, 4.0, 4.0, 1.0]","['M', 'M', 'M', 'M', 'W']","[['MENA'], ['O'], ['W'], ['W'], ['EA']]","[21.0, 37.0, 45.0, 45.0, 20.0]"
1955,"['3910_wf.jpg', '3911_wf.jpg']","[0.0, 3.0, 3.0, 1.0, 2.0]","[1.0, 3.0, 5.0, 5.0, 2.0]","[1.0, 4.0, 5.0, 5.0, 4.0]","[2.0, 5.0, 4.0, 2.0, 1.0]","['M', 'M', 'M', 'M', 'W']","[['MENA'], ['O'], ['W'], ['W'], ['EA']]","[21.0, 37.0, 45.0, 45.0, 20.0]"
2224,"['4448_wf.jpg', '4449_wf.jpg']","[0.0, 1.0, 3.0, 3.0, 2.0]","[4.0, 4.0, 5.0, 5.0, 4.0]","[4.0, 4.0, 5.0, 5.0, 4.0]","[2.0, 4.0, 4.0, 4.0, 3.0]","['M', 'M', 'M', 'M', 'W']","[['MENA'], ['O'], ['W'], ['W'], ['EA']]","[21.0, 37.0, 45.0, 45.0, 20.0]"
257,"['514_af.jpg', '515_af.jpg']","[3.0, 0.0, 1.0, 2.0, 1.0]","[4.0, 1.0, 5.0, 4.0, 1.0]","[4.0, 2.0, 2.0, 4.0, 2.0]","[4.0, 2.0, 3.0, 4.0, 1.0]","['M', 'M', 'M', 'M', 'W']","[['MENA'], ['O'], ['W'], ['W'], ['EA']]","[21.0, 37.0, 45.0, 45.0, 20.0]"
2317,"['4635_wm.jpg', '4634_wm.jpg']","[1.0, 3.0, 3.0, 2.0, 4.0]","[4.0, 4.0, 5.0, 5.0, 5.0]","[4.0, 4.0, 5.0, 5.0, 5.0]","[4.0, 5.0, 5.0, 5.0, 5.0]","['M', 'M', 'M', 'M', 'W']","[['MENA'], ['O'], ['W'], ['W'], ['EA']]","[21.0, 37.0, 45.0, 45.0, 20.0]"
4532,"['9064_af.jpg', '9065_bf.jpg']","[1.0, 0.0, 0.0, 0.0, 1.0]","[1.0, 1.0, 5.0, 4.0, 2.0]","[2.0, 1.0, 2.0, 2.0, 1.0]","[2.0, 2.0, 3.0, 3.0, 2.0]","['M', 'M', 'M', 'M', 'W']","[['MENA'], ['O'], ['W'], ['W'], ['EA']]","[21.0, 37.0, 45.0, 45.0, 20.0]"
2963,"['5927_am.jpg', '5926_am.jpg']","[0.0, 0.0, 0.0, 0.0, 0.0]","[1.0, 3.0, 5.0, 5.0, 1.0]","[1.0, 3.0, 1.0, 1.0, 1.0]","[1.0, 4.0, 1.0, 1.0, 1.0]","['M', 'M', 'M', 'M', 'W']","[['MENA'], ['O'], ['W'], ['W'], ['EA']]","[21.0, 37.0, 45.0, 45.0, 20.0]"
1537,"['3075_bm.jpg', '3074_bm.jpg']","[3.0, 3.0, 1.0, 0.0, 1.0]","[4.0, 4.0, 5.0, 5.0, 2.0]","[4.0, 4.0, 4.0, 2.0, 4.0]","[2.0, 4.0, 3.0, 3.0, 1.0]","['M', 'M', 'M', 'M', 'W']","[['MENA'], ['O'], ['W'], ['W'], ['EA']]","[21.0, 37.0, 45.0, 45.0, 20.0]"
3995,"['7990_wf.jpg', '7991_wf.jpg']","[1.0, 1.0, 0.0, 0.0, 0.0]","[3.0, 3.0, 5.0, 5.0, 1.0]","[1.0, 2.0, 1.0, 1.0, 1.0]","[1.0, 4.0, 3.0, 3.0, 1.0]","['M', 'M', 'M', 'M', 'W']","[['MENA'], ['O'], ['W'], ['W'], ['EA']]","[21.0, 37.0, 45.0, 45.0, 20.0]"
2425,"['4850_wm.jpg', '4851_wm.jpg']","[1.0, 2.0, 1.0, 1.0, 1.0]","[4.0, 4.0, 5.0, 5.0, 2.0]","[2.0, 5.0, 3.0, 2.0, 1.0]","[2.0, 4.0, 3.0, 3.0, 4.0]","['M', 'M', 'M', 'M', 'W']","[['MENA'], ['O'], ['W'], ['W'], ['EA']]","[21.0, 37.0, 45.0, 45.0, 20.0]"
2288,"['4577_wm.jpg', '4576_wm.jpg']","[0.0, 1.0, 3.0, 1.0]","[5.0, 5.0, 3.0, 5.0]","[2.0, 4.0, 5.0, 4.0]","[2.0, 1.0, 2.0, 2.0]","['M', 'M', 'W', 'M']","[['SEA'], ['NAA'], ['W'], ['W']]","[22.0, 21.0, 27.0, 24.0]"
641,"['1283_am.jpg', '1282_am.jpg']","[0.0, 2.0, 2.0, 2.0]","[5.0, 4.0, 4.0, 5.0]","[5.0, 5.0, 3.0, 5.0]","[3.0, 4.0, 4.0, 5.0]","['M', 'M', 'W', 'M']","[['SEA'], ['NAA'], ['W'], ['W']]","[22.0, 21.0, 27.0, 24.0]"
269,"['538_af.jpg', '539_af.jpg']","[3.0, 2.0, 2.0, 1.0]","[5.0, 4.0, 1.0, 5.0]","[5.0, 4.0, 5.0, 5.0]","[4.0, 3.0, 4.0, 4.0]","['M', 'M', 'W', 'M']","[['SEA'], ['NAA'], ['W'], ['W']]","[22.0, 21.0, 27.0, 24.0]"
1127,"['2254_bf.jpg', '2255_bf.jpg']","[1.0, 4.0, 4.0, 4.0]","[5.0, 5.0, 5.0, 5.0]","[2.0, 5.0, 5.0, 5.0]","[4.0, 5.0, 5.0, 5.0]","['M', 'M', 'W', 'M']","[['SEA'], ['NAA'], ['W'], ['W']]","[22.0, 21.0, 27.0, 24.0]"
2112,"['4225_wf.jpg', '4224_wf.jpg']","[3.0, 2.0, 2.0, 2.0]","[5.0, 5.0, 2.0, 5.0]","[5.0, 5.0, 5.0, 4.0]","[2.0, 3.0, 4.0, 3.0]","['M', 'M', 'W', 'M']","[['SEA'], ['NAA'], ['W'], ['W']]","[22.0, 21.0, 27.0, 24.0]"
3197,"['6395_bm.jpg', '6394_bf.jpg']","[1.0, 0.0, 0.0, 0.0]","[1.0, 1.0, 1.0, 1.0]","[4.0, 4.0, 5.0, 2.0]","[4.0, 3.0, 4.0, 3.0]","['M', 'M', 'W', 'M']","[['SEA'], ['NAA'], ['W'], ['W']]","[22.0, 21.0, 27.0, 24.0]"
2237,"['4474_wf.jpg', '4475_wf.jpg']","[3.0, 3.0, 2.0, 1.0]","[4.0, 4.0, 4.0, 5.0]","[4.0, 5.0, 4.0, 5.0]","[4.0, 4.0, 4.0, 4.0]","['M', 'M', 'W', 'M']","[['SEA'], ['NAA'], ['W'], ['W']]","[22.0, 21.0, 27.0, 24.0]"
923,"['1846_bf.jpg', '1847_bf.jpg']","[1.0, 4.0, 2.0, 1.0]","[5.0, 5.0, 2.0, 5.0]","[5.0, 5.0, 5.0, 5.0]","[4.0, 5.0, 4.0, 5.0]","['M', 'M', 'W', 'M']","[['SEA'], ['NAA'], ['W'], ['W']]","[22.0, 21.0, 27.0, 24.0]"
2688,"['5376_wm.jpg', '5377_wm.jpg']","[4.0, 1.0, 2.0, 0.0]","[5.0, 5.0, 1.0, 5.0]","[5.0, 3.0, 4.0, 5.0]","[5.0, 4.0, 4.0, 4.0]","['M', 'M', 'W', 'M']","[['SEA'], ['NAA'], ['W'], ['W']]","[22.0, 21.0, 27.0, 24.0]"
2612,"['5225_wm.jpg', '5224_wm.jpg']","[3.0, 0.0, 2.0, 3.0]","[5.0, 5.0, 4.0, 5.0]","[5.0, 2.0, 3.0, 5.0]","[5.0, 3.0, 4.0, 5.0]","['M', 'M', 'W', 'M']","[['SEA'], ['NAA'], ['W'], ['W']]","[22.0, 21.0, 27.0, 24.0]"
