pair_id,pair_file,output_human,output,gender_similarity,ethnicity_similarity,age_similarity,participant_gender,participant_ethnicity,participant_age
1167,"['2334_bf.jpg', '2335_bf.jpg']","[3.0, 3.0, 3.0, 4.0]",TP,"[5.0, 5.0, 4.0, 5.0]","[5.0, 5.0, 4.0, 5.0]","[5.0, 3.0, 5.0, 5.0]","['M', 'W', 'M', 'M']","[['W'], ['NAA'], ['EA'], ['LA']]","[41.0, 31.0, 23.0, 22.0]"
1252,"['2504_bf.jpg', '2505_bf.jpg']","[4.0, 4.0, 4.0, 4.0]",TP,"[5.0, 5.0, 5.0, 5.0]","[5.0, 5.0, 5.0, 5.0]","[5.0, 5.0, 5.0, 5.0]","['M', 'W', 'M', 'M']","[['W'], ['NAA'], ['EA'], ['LA']]","[41.0, 31.0, 23.0, 22.0]"
2341,"['4682_wm.jpg', '4683_wm.jpg']","[4.0, 4.0, 4.0, 4.0]",TP,"[5.0, 5.0, 5.0, 5.0]","[5.0, 5.0, 5.0, 5.0]","[5.0, 5.0, 5.0, 5.0]","['M', 'W', 'M', 'M']","[['W'], ['NAA'], ['EA'], ['LA']]","[41.0, 31.0, 23.0, 22.0]"
2851,"['5703_am.jpg', '5702_af.jpg']","[1.0, 0.0, 0.0, 0.0]",TN,"[1.0, 1.0, 1.0, 1.0]","[5.0, 4.0, 1.0, 1.0]","[5.0, 4.0, 1.0, 4.0]","['M', 'W', 'M', 'M']","[['W'], ['NAA'], ['EA'], ['LA']]","[41.0, 31.0, 23.0, 22.0]"
845,"['1690_am.jpg', '1691_am.jpg']","[3.0, 3.0, 0.0, 4.0]",TP,"[5.0, 5.0, 2.0, 5.0]","[5.0, 4.0, 1.0, 5.0]","[2.0, 5.0, 2.0, 5.0]","['M', 'W', 'M', 'M']","[['W'], ['NAA'], ['EA'], ['LA']]","[41.0, 31.0, 23.0, 22.0]"
671,"['1343_am.jpg', '1342_am.jpg']","[0.0, 4.0, 0.0, 3.0]",TP,"[5.0, 5.0, 1.0, 5.0]","[5.0, 5.0, 2.0, 4.0]","[1.0, 5.0, 1.0, 5.0]","['M', 'W', 'M', 'M']","[['W'], ['NAA'], ['EA'], ['LA']]","[41.0, 31.0, 23.0, 22.0]"
864,"['1729_am.jpg', '1728_am.jpg']","[1.0, 4.0, 1.0, 0.0]",TP,"[5.0, 5.0, 2.0, 5.0]","[2.0, 5.0, 2.0, 2.0]","[5.0, 5.0, 4.0, 2.0]","['M', 'W', 'M', 'M']","[['W'], ['NAA'], ['EA'], ['LA']]","[41.0, 31.0, 23.0, 22.0]"
411,"['822_af.jpg', '823_af.jpg']","[2.0, 4.0, 4.0, 4.0]",TP,"[4.0, 5.0, 5.0, 5.0]","[4.0, 5.0, 5.0, 5.0]","[2.0, 5.0, 5.0, 5.0]","['M', 'W', 'M', 'M']","[['W'], ['NAA'], ['EA'], ['LA']]","[41.0, 31.0, 23.0, 22.0]"
1702,"['3405_bm.jpg', '3404_bm.jpg']","[3.0, 4.0, 4.0, 4.0]",TP,"[4.0, 5.0, 5.0, 5.0]","[4.0, 5.0, 5.0, 5.0]","[4.0, 5.0, 5.0, 5.0]","['M', 'W', 'M', 'M']","[['W'], ['NAA'], ['EA'], ['LA']]","[41.0, 31.0, 23.0, 22.0]"
4711,"['9423_wm.jpg', '9422_af.jpg']","[0.0, 0.0, 0.0, 0.0]",TN,"[1.0, 1.0, 1.0, 1.0]","[1.0, 3.0, 1.0, 2.0]","[1.0, 2.0, 1.0, 1.0]","['M', 'W', 'M', 'M']","[['W'], ['NAA'], ['EA'], ['LA']]","[41.0, 31.0, 23.0, 22.0]"
4195,"['8391_af.jpg', '8390_bm.jpg']","[0.0, 0.0, 0.0]",TN,"[1.0, 1.0, 1.0]","[1.0, 1.0, 1.0]","[3.0, 1.0, 1.0]","['M', 'W', 'M']","[['W'], ['O'], ['SA']]","[45.0, 25.0, 25.0]"
3602,"['7204_wf.jpg', '7205_wm.jpg']","[0.0, 0.0, 0.0]",TN,"[1.0, 1.0, 1.0]","[5.0, 5.0, 5.0]","[1.0, 1.0, 1.0]","['M', 'W', 'M']","[['W'], ['O'], ['SA']]","[45.0, 25.0, 25.0]"
3224,"['6449_bm.jpg', '6448_bf.jpg']","[2.0, 0.0, 0.0]",TN,"[1.0, 1.0, 1.0]","[5.0, 5.0, 4.0]","[2.0, 2.0, 2.0]","['M', 'W', 'M']","[['W'], ['O'], ['SA']]","[45.0, 25.0, 25.0]"
4594,"['9189_wf.jpg', '9188_am.jpg']","[0.0, 0.0, 0.0]",TN,"[1.0, 1.0, 1.0]","[5.0, 1.0, 1.0]","[1.0, 1.0, 1.0]","['M', 'W', 'M']","[['W'], ['O'], ['SA']]","[45.0, 25.0, 25.0]"
1057,"['2115_bf.jpg', '2114_bf.jpg']","[0.0, 0.0, 2.0]",TP,"[5.0, 5.0, 5.0]","[5.0, 5.0, 4.0]","[4.0, 2.0, 3.0]","['M', 'W', 'M']","[['W'], ['O'], ['SA']]","[45.0, 25.0, 25.0]"
1305,"['2611_bf.jpg', '2610_bf.jpg']","[3.0, 4.0, 2.0]",TP,"[5.0, 5.0, 5.0]","[5.0, 5.0, 3.0]","[5.0, 5.0, 3.0]","['M', 'W', 'M']","[['W'], ['O'], ['SA']]","[45.0, 25.0, 25.0]"
4537,"['9075_bf.jpg', '9074_af.jpg']","[0.0, 0.0, 0.0]",TN,"[5.0, 5.0, 5.0]","[3.0, 1.0, 1.0]","[4.0, 4.0, 2.0]","['M', 'W', 'M']","[['W'], ['O'], ['SA']]","[45.0, 25.0, 25.0]"
3518,"['7037_wm.jpg', '7036_wf.jpg']","[0.0, 0.0, 0.0]",TN,"[1.0, 1.0, 1.0]","[4.0, 4.0, 4.0]","[2.0, 2.0, 2.0]","['M', 'W', 'M']","[['W'], ['O'], ['SA']]","[45.0, 25.0, 25.0]"
3133,"['6267_bm.jpg', '6266_bf.jpg']","[0.0, 0.0, 0.0]",TN,"[1.0, 1.0, 1.0]","[4.0, 5.0, 2.0]","[3.0, 2.0, 2.0]","['M', 'W', 'M']","[['W'], ['O'], ['SA']]","[45.0, 25.0, 25.0]"
1792,"['3585_bm.jpg', '3584_bm.jpg']","[0.0, 2.0, 3.0]",TP,"[5.0, 5.0, 5.0]","[1.0, 4.0, 4.0]","[4.0, 2.0, 5.0]","['M', 'W', 'M']","[['W'], ['O'], ['SA']]","[45.0, 25.0, 25.0]"
4578,"['9156_am.jpg', '9157_wf.jpg']","[0.0, 0.0, 0.0, 0.0]",TN,"[3.0, 1.0, 1.0, 1.0]","[1.0, 1.0, 1.0, 1.0]","[3.0, 1.0, 1.0, 1.0]","['NB', 'M', 'M', 'M']","[['W'], ['NAA'], ['SA'], ['SA']]","[30.0, 31.0, 18.0, 24.0]"
2310,"['4620_wm.jpg', '4621_wm.jpg']","[0.0, 0.0, 0.0, 0.0]",TP,"[4.0, 5.0, 5.0, 2.0]","[4.0, 5.0, 4.0, 2.0]","[2.0, 1.0, 3.0, 2.0]","['NB', 'M', 'M', 'M']","[['W'], ['NAA'], ['SA'], ['SA']]","[30.0, 31.0, 18.0, 24.0]"
2856,"['5713_am.jpg', '5712_af.jpg']","[0.0, 0.0, 0.0, 0.0]",TN,"[1.0, 1.0, 1.0, 1.0]","[2.0, 1.0, 5.0, 1.0]","[1.0, 1.0, 1.0, 1.0]","['NB', 'M', 'M', 'M']","[['W'], ['NAA'], ['SA'], ['SA']]","[30.0, 31.0, 18.0, 24.0]"
172,"['345_af.jpg', '344_af.jpg']","[2.0, 4.0, 3.0, 4.0]",TP,"[4.0, 5.0, 5.0, 5.0]","[3.0, 5.0, 5.0, 5.0]","[4.0, 5.0, 5.0, 5.0]","['NB', 'M', 'M', 'M']","[['W'], ['NAA'], ['SA'], ['SA']]","[30.0, 31.0, 18.0, 24.0]"
3274,"['6549_bm.jpg', '6548_bm.jpg']","[0.0, 0.0, 0.0, 0.0]",TN,"[4.0, 5.0, 5.0, 3.0]","[4.0, 5.0, 2.0, 4.0]","[2.0, 1.0, 1.0, 1.0]","['NB', 'M', 'M', 'M']","[['W'], ['NAA'], ['SA'], ['SA']]","[30.0, 31.0, 18.0, 24.0]"
5013,"['10027_wf.jpg', '10026_af.jpg']","[1.0, 0.0, 0.0, 2.0]",TN,"[4.0, 5.0, 5.0, 3.0]","[3.0, 1.0, 1.0, 3.0]","[2.0, 1.0, 1.0, 3.0]","['NB', 'M', 'M', 'M']","[['W'], ['NAA'], ['SA'], ['SA']]","[30.0, 31.0, 18.0, 24.0]"
4385,"['8770_am.jpg', '8771_bm.jpg']","[2.0, 0.0, 0.0, 0.0]",TN,"[4.0, 5.0, 5.0, 1.0]","[4.0, 1.0, 1.0, 1.0]","[4.0, 2.0, 1.0, 1.0]","['NB', 'M', 'M', 'M']","[['W'], ['NAA'], ['SA'], ['SA']]","[30.0, 31.0, 18.0, 24.0]"
5260,"['10521_wm.jpg', '10520_bf.jpg']","[0.0, 0.0, 0.0, 0.0]",TN,"[4.0, 5.0, 2.0, 3.0]","[1.0, 1.0, 1.0, 1.0]","[1.0, 1.0, 1.0, 1.0]","['NB', 'M', 'M', 'M']","[['W'], ['NAA'], ['SA'], ['SA']]","[30.0, 31.0, 18.0, 24.0]"
4485,"['8971_bf.jpg', '8970_af.jpg']","[0.0, 0.0, 0.0, 0.0]",TN,"[4.0, 5.0, 5.0, 1.0]","[1.0, 1.0, 2.0, 1.0]","[2.0, 1.0, 1.0, 1.0]","['NB', 'M', 'M', 'M']","[['W'], ['NAA'], ['SA'], ['SA']]","[30.0, 31.0, 18.0, 24.0]"
419,"['839_af.jpg', '838_af.jpg']","[2.0, 3.0, 4.0, 4.0]",TP,"[4.0, 5.0, 5.0, 5.0]","[2.0, 4.0, 5.0, 5.0]","[3.0, 3.0, 5.0, 5.0]","['NB', 'M', 'M', 'M']","[['W'], ['NAA'], ['SA'], ['SA']]","[30.0, 31.0, 18.0, 24.0]"
3935,"['7871_wf.jpg', '7870_wf.jpg']","[0.0, 0.0, 0.0, 0.0]",TN,"[4.0, 5.0, 5.0, 5.0]","[4.0, 2.0, 5.0, 1.0]","[4.0, 1.0, 4.0, 4.0]","['W', 'W', 'W', 'W']","[['W'], ['NAA'], ['SA'], ['NAA']]","[30.0, 31.0, 39.0, 36.0]"
2832,"['5664_af.jpg', '5665_am.jpg']","[0.0, 0.0, 0.0, 0.0]",TN,"[5.0, 1.0, 1.0, 3.0]","[5.0, 2.0, 1.0, 2.0]","[3.0, 1.0, 1.0, 1.0]","['W', 'W', 'W', 'W']","[['W'], ['NAA'], ['SA'], ['NAA']]","[30.0, 31.0, 39.0, 36.0]"
5341,"['10683_wm.jpg', '10682_bm.jpg']","[1.0, 0.0, 0.0, 0.0]",TN,"[3.0, 5.0, 5.0, 5.0]","[3.0, 4.0, 4.0, 1.0]","[3.0, 4.0, 1.0, 3.0]","['W', 'W', 'W', 'W']","[['W'], ['NAA'], ['SA'], ['NAA']]","[30.0, 31.0, 39.0, 36.0]"
4851,"['9703_wm.jpg', '9702_am.jpg']","[1.0, 0.0, 0.0, 0.0]",TN,"[2.0, 4.0, 5.0, 5.0]","[2.0, 1.0, 1.0, 1.0]","[2.0, 1.0, 1.0, 1.0]","['W', 'W', 'W', 'W']","[['W'], ['NAA'], ['SA'], ['NAA']]","[30.0, 31.0, 39.0, 36.0]"
5335,"['10670_bm.jpg', '10671_wm.jpg']","[0.0, 0.0, 0.0, 0.0]",TN,"[4.0, 5.0, 5.0, 5.0]","[1.0, 1.0, 1.0, 1.0]","[4.0, 1.0, 1.0, 1.0]","['W', 'W', 'W', 'W']","[['W'], ['NAA'], ['SA'], ['NAA']]","[30.0, 31.0, 39.0, 36.0]"
428,"['856_af.jpg', '857_af.jpg']","[1.0, 2.0, 1.0, 0.0]",TP,"[4.0, 5.0, 5.0, 5.0]","[4.0, 4.0, 5.0, 5.0]","[4.0, 2.0, 2.0, 2.0]","['W', 'W', 'W', 'W']","[['W'], ['NAA'], ['SA'], ['NAA']]","[30.0, 31.0, 39.0, 36.0]"
4132,"['8265_bf.jpg', '8264_am.jpg']","[0.0, 0.0, 0.0, 0.0]",TN,"[4.0, 1.0, 5.0, 5.0]","[4.0, 1.0, 1.0, 1.0]","[4.0, 4.0, 1.0, 3.0]","['W', 'W', 'W', 'W']","[['W'], ['NAA'], ['SA'], ['NAA']]","[30.0, 31.0, 39.0, 36.0]"
1549,"['3098_bm.jpg', '3099_bm.jpg']","[3.0, 4.0, 3.0, 0.0]",TP,"[4.0, 5.0, 5.0, 2.0]","[4.0, 5.0, 5.0, 1.0]","[4.0, 5.0, 4.0, 4.0]","['W', 'W', 'W', 'W']","[['W'], ['NAA'], ['SA'], ['NAA']]","[30.0, 31.0, 39.0, 36.0]"
2094,"['4189_wf.jpg', '4188_wf.jpg']","[3.0, 3.0, 3.0, 4.0]",TP,"[4.0, 5.0, 5.0, 5.0]","[4.0, 5.0, 5.0, 5.0]","[4.0, 5.0, 5.0, 5.0]","['W', 'W', 'W', 'W']","[['W'], ['NAA'], ['SA'], ['NAA']]","[30.0, 31.0, 39.0, 36.0]"
1206,"['2412_bf.jpg', '2413_bf.jpg']","[3.0, 4.0, 3.0, 4.0]",TP,"[4.0, 5.0, 5.0, 5.0]","[4.0, 5.0, 5.0, 5.0]","[4.0, 5.0, 5.0, 5.0]","['W', 'W', 'W', 'W']","[['W'], ['NAA'], ['SA'], ['NAA']]","[30.0, 31.0, 39.0, 36.0]"
2169,"['4339_wf.jpg', '4338_wf.jpg']","[1.0, 4.0, 4.0, 3.0]",TP,"[1.0, 5.0, 5.0, 5.0]","[3.0, 5.0, 5.0, 5.0]","[4.0, 5.0, 5.0, 5.0]","['W', 'M', 'W', 'M']","[['W'], ['NTA'], ['SA'], ['NAA']]","[68.0, 26.0, 33.0, 29.0]"
3809,"['7618_wf.jpg', '7619_wf.jpg']","[1.0, 0.0, 0.0, 0.0]",TN,"[2.0, 5.0, 5.0, 5.0]","[5.0, 3.0, 3.0, 4.0]","[5.0, 2.0, 1.0, 1.0]","['W', 'M', 'W', 'M']","[['W'], ['NTA'], ['SA'], ['NAA']]","[68.0, 26.0, 33.0, 29.0]"
1292,"['2585_bf.jpg', '2584_bf.jpg']","[3.0, 4.0, 4.0, 4.0]",TP,"[4.0, 5.0, 5.0, 5.0]","[1.0, 5.0, 5.0, 5.0]","[4.0, 5.0, 5.0, 5.0]","['W', 'M', 'W', 'M']","[['W'], ['NTA'], ['SA'], ['NAA']]","[68.0, 26.0, 33.0, 29.0]"
3371,"['6742_bm.jpg', '6743_bm.jpg']","[1.0, 0.0, 2.0, 0.0]",TN,"[4.0, 5.0, 5.0, 4.0]","[4.0, 5.0, 4.0, 3.0]","[2.0, 3.0, 2.0, 3.0]","['W', 'M', 'W', 'M']","[['W'], ['NTA'], ['SA'], ['NAA']]","[68.0, 26.0, 33.0, 29.0]"
4375,"['8751_bm.jpg', '8750_am.jpg']","[0.0, 0.0, 0.0, 0.0]",TN,"[1.0, 1.0, 5.0, 4.0]","[2.0, 4.0, 2.0, 4.0]","[1.0, 1.0, 1.0, 3.0]","['W', 'M', 'W', 'M']","[['W'], ['NTA'], ['SA'], ['NAA']]","[68.0, 26.0, 33.0, 29.0]"
130,"['261_af.jpg', '260_af.jpg']","[4.0, 0.0, 3.0, 3.0]",TP,"[5.0, 5.0, 5.0, 4.0]","[5.0, 4.0, 5.0, 3.0]","[5.0, 2.0, 4.0, 3.0]","['W', 'M', 'W', 'M']","[['W'], ['NTA'], ['SA'], ['NAA']]","[68.0, 26.0, 33.0, 29.0]"
2541,"['5083_wm.jpg', '5082_wm.jpg']","[4.0, 4.0, 4.0, 4.0]",TP,"[5.0, 5.0, 5.0, 5.0]","[5.0, 5.0, 5.0, 5.0]","[5.0, 5.0, 5.0, 5.0]","['W', 'M', 'W', 'M']","[['W'], ['NTA'], ['SA'], ['NAA']]","[68.0, 26.0, 33.0, 29.0]"
1447,"['2894_bm.jpg', '2895_bm.jpg']","[3.0, 3.0, 4.0, 4.0]",TP,"[4.0, 4.0, 5.0, 5.0]","[4.0, 4.0, 5.0, 5.0]","[4.0, 2.0, 5.0, 5.0]","['W', 'M', 'W', 'M']","[['W'], ['NTA'], ['SA'], ['NAA']]","[68.0, 26.0, 33.0, 29.0]"
1631,"['3262_bm.jpg', '3263_bm.jpg']","[3.0, 4.0, 4.0, 4.0]",TP,"[5.0, 5.0, 5.0, 5.0]","[5.0, 5.0, 5.0, 5.0]","[5.0, 5.0, 5.0, 5.0]","['W', 'M', 'W', 'M']","[['W'], ['NTA'], ['SA'], ['NAA']]","[68.0, 26.0, 33.0, 29.0]"
451,"['902_af.jpg', '903_af.jpg']","[1.0, 0.0, 3.0, 4.0]",TP,"[4.0, 5.0, 5.0, 5.0]","[4.0, 4.0, 5.0, 5.0]","[4.0, 3.0, 4.0, 5.0]","['W', 'M', 'W', 'M']","[['W'], ['NTA'], ['SA'], ['NAA']]","[68.0, 26.0, 33.0, 29.0]"
837,"['1674_am.jpg', '1675_am.jpg']","[3.0, 3.0, 2.0, 3.0]",TP,"[5.0, 5.0, 5.0, 5.0]","[4.0, 5.0, 5.0, 4.0]","[3.0, 2.0, 4.0, 3.0]","['W', 'M', 'M', 'M']","[['W'], ['NAA'], ['SA'], ['EA']]","[45.0, 23.0, 28.0, 37.0]"
2888,"['5776_am.jpg', '5777_am.jpg']","[0.0, 2.0, 3.0, 0.0]",TN,"[3.0, 5.0, 4.0, 1.0]","[2.0, 4.0, 4.0, 1.0]","[1.0, 2.0, 4.0, 1.0]","['W', 'M', 'M', 'M']","[['W'], ['NAA'], ['SA'], ['EA']]","[45.0, 23.0, 28.0, 37.0]"
4900,"['9801_wm.jpg', '9800_am.jpg']","[0.0, 3.0, 0.0, 0.0]",TN,"[5.0, 5.0, 1.0, 5.0]","[1.0, 4.0, 1.0, 1.0]","[4.0, 2.0, 1.0, 1.0]","['W', 'M', 'M', 'M']","[['W'], ['NAA'], ['SA'], ['EA']]","[45.0, 23.0, 28.0, 37.0]"
2236,"['4472_wf.jpg', '4473_wf.jpg']","[1.0, 2.0, 0.0, 1.0]",TP,"[5.0, 5.0, 3.0, 5.0]","[5.0, 5.0, 5.0, 5.0]","[4.0, 3.0, 4.0, 5.0]","['W', 'M', 'M', 'M']","[['W'], ['NAA'], ['SA'], ['EA']]","[45.0, 23.0, 28.0, 37.0]"
3583,"['7167_wm.jpg', '7166_wf.jpg']","[0.0, 0.0, 0.0, 0.0]",TN,"[1.0, 1.0, 1.0, 1.0]","[4.0, 2.0, 1.0, 1.0]","[3.0, 2.0, 1.0, 1.0]","['W', 'M', 'M', 'M']","[['W'], ['NAA'], ['SA'], ['EA']]","[45.0, 23.0, 28.0, 37.0]"
4834,"['9669_wm.jpg', '9668_am.jpg']","[0.0, 0.0, 0.0, 0.0]",TN,"[5.0, 5.0, 1.0, 5.0]","[1.0, 2.0, 1.0, 1.0]","[2.0, 2.0, 1.0, 2.0]","['W', 'M', 'M', 'M']","[['W'], ['NAA'], ['SA'], ['EA']]","[45.0, 23.0, 28.0, 37.0]"
3645,"['7291_wm.jpg', '7290_wm.jpg']","[1.0, 2.0, 3.0, 0.0]",TN,"[5.0, 5.0, 5.0, 1.0]","[4.0, 4.0, 5.0, 5.0]","[1.0, 3.0, 1.0, 1.0]","['W', 'M', 'M', 'M']","[['W'], ['NAA'], ['SA'], ['EA']]","[45.0, 23.0, 28.0, 37.0]"
4117,"['8235_bf.jpg', '8234_am.jpg']","[0.0, 0.0, 0.0, 0.0]",TN,"[1.0, 1.0, 1.0, 1.0]","[1.0, 1.0, 1.0, 1.0]","[4.0, 2.0, 1.0, 1.0]","['W', 'M', 'M', 'M']","[['W'], ['NAA'], ['SA'], ['EA']]","[45.0, 23.0, 28.0, 37.0]"
4097,"['8194_am.jpg', '8195_bf.jpg']","[0.0, 1.0, 0.0, 1.0]",TN,"[3.0, 1.0, 2.0, 5.0]","[1.0, 2.0, 1.0, 4.0]","[1.0, 1.0, 3.0, 4.0]","['W', 'M', 'M', 'M']","[['W'], ['NAA'], ['SA'], ['EA']]","[45.0, 23.0, 28.0, 37.0]"
3840,"['7681_wf.jpg', '7680_wf.jpg']","[1.0, 3.0, 0.0, 0.0]",TN,"[5.0, 5.0, 3.0, 5.0]","[5.0, 5.0, 4.0, 4.0]","[3.0, 2.0, 1.0, 2.0]","['W', 'M', 'M', 'M']","[['W'], ['NAA'], ['SA'], ['EA']]","[45.0, 23.0, 28.0, 37.0]"
2083,"['4166_wf.jpg', '4167_wf.jpg']","[1.0, 0.0, 2.0, 2.0]",TP,"[1.0, 1.0, 5.0, 5.0]","[5.0, 4.0, 5.0, 4.0]","[4.0, 4.0, 4.0, 4.0]","['M', 'W', 'W', 'M']","[['NTA'], ['O'], ['EA'], ['O']]","[0, 40.0, 27.0, 57.0]"
699,"['1399_am.jpg', '1398_am.jpg']","[2.0, 0.0, 4.0, 0.0]",TP,"[4.0, 2.0, 5.0, 5.0]","[5.0, 4.0, 5.0, 3.0]","[3.0, 3.0, 5.0, 4.0]","['M', 'W', 'W', 'M']","[['NTA'], ['O'], ['EA'], ['O']]","[0, 40.0, 27.0, 57.0]"
3150,"['6301_bm.jpg', '6300_bf.jpg']","[0.0, 0.0, 0.0, 0.0]",TN,"[1.0, 1.0, 1.0, 1.0]","[2.0, 1.0, 4.0, 4.0]","[1.0, 1.0, 1.0, 1.0]","['M', 'W', 'W', 'M']","[['NTA'], ['O'], ['EA'], ['O']]","[0, 40.0, 27.0, 57.0]"
5065,"['10130_af.jpg', '10131_wf.jpg']","[0.0, 0.0, 0.0, 1.0]",TN,"[2.0, 1.0, 5.0, 5.0]","[1.0, 1.0, 1.0, 4.0]","[2.0, 1.0, 2.0, 1.0]","['M', 'W', 'W', 'M']","[['NTA'], ['O'], ['EA'], ['O']]","[0, 40.0, 27.0, 57.0]"
3140,"['6281_bm.jpg', '6280_bf.jpg']","[0.0, 0.0, 0.0, 0.0]",TN,"[1.0, 1.0, 1.0, 1.0]","[1.0, 2.0, 4.0, 4.0]","[1.0, 1.0, 4.0, 4.0]","['M', 'W', 'W', 'M']","[['NTA'], ['O'], ['EA'], ['O']]","[0, 40.0, 27.0, 57.0]"
2201,"['4403_wf.jpg', '4402_wf.jpg']","[0.0, 0.0, 4.0, 0.0]",TP,"[1.0, 1.0, 5.0, 3.0]","[3.0, 2.0, 5.0, 4.0]","[2.0, 2.0, 5.0, 5.0]","['M', 'W', 'W', 'M']","[['NTA'], ['O'], ['EA'], ['O']]","[0, 40.0, 27.0, 57.0]"
1547,"['3094_bm.jpg', '3095_bm.jpg']","[4.0, 0.0, 4.0, 3.0]",TP,"[5.0, 3.0, 5.0, 5.0]","[5.0, 5.0, 5.0, 4.0]","[5.0, 4.0, 5.0, 4.0]","['M', 'W', 'W', 'M']","[['NTA'], ['O'], ['EA'], ['O']]","[0, 40.0, 27.0, 57.0]"
369,"['738_af.jpg', '739_af.jpg']","[3.0, 0.0, 3.0, 4.0]",TP,"[4.0, 2.0, 5.0, 5.0]","[5.0, 4.0, 5.0, 5.0]","[4.0, 3.0, 3.0, 5.0]","['M', 'W', 'W', 'M']","[['NTA'], ['O'], ['EA'], ['O']]","[0, 40.0, 27.0, 57.0]"
3463,"['6927_bf.jpg', '6926_bf.jpg']","[1.0, 0.0, 2.0, 1.0]",TN,"[5.0, 2.0, 5.0, 5.0]","[3.0, 3.0, 5.0, 4.0]","[1.0, 2.0, 3.0, 3.0]","['M', 'W', 'W', 'M']","[['NTA'], ['O'], ['EA'], ['O']]","[0, 40.0, 27.0, 57.0]"
2091,"['4182_wf.jpg', '4183_wf.jpg']","[2.0, 1.0, 2.0, 1.0]",TP,"[5.0, 2.0, 5.0, 5.0]","[5.0, 5.0, 5.0, 4.0]","[2.0, 4.0, 2.0, 3.0]","['M', 'W', 'W', 'M']","[['NTA'], ['O'], ['EA'], ['O']]","[0, 40.0, 27.0, 57.0]"
5248,"['10497_wm.jpg', '10496_bf.jpg']","[0.0, 0.0, 0.0, 0.0]",TN,"[1.0, 1.0, 1.0, 1.0]","[2.0, 1.0, 5.0, 3.0]","[3.0, 2.0, 4.0, 2.0]","['W', 'W', 'W', 'M']","[['W'], ['NAA'], ['SEA'], ['NAA']]","[53.0, 36.0, 24.0, 43.0]"
4990,"['9981_wf.jpg', '9980_af.jpg']","[0.0, 0.0, 0.0, 0.0]",TN,"[3.0, 5.0, 5.0, 5.0]","[2.0, 1.0, 1.0, 2.0]","[3.0, 1.0, 3.0, 4.0]","['W', 'W', 'W', 'M']","[['W'], ['NAA'], ['SEA'], ['NAA']]","[53.0, 36.0, 24.0, 43.0]"
1603,"['3207_bm.jpg', '3206_bm.jpg']","[2.0, 3.0, 4.0, 3.0]",TP,"[4.0, 5.0, 5.0, 5.0]","[5.0, 5.0, 5.0, 5.0]","[5.0, 5.0, 5.0, 4.0]","['W', 'W', 'W', 'M']","[['W'], ['NAA'], ['SEA'], ['NAA']]","[53.0, 36.0, 24.0, 43.0]"
2662,"['5325_wm.jpg', '5324_wm.jpg']","[3.0, 1.0, 0.0, 3.0]",TP,"[4.0, 5.0, 5.0, 5.0]","[5.0, 5.0, 5.0, 5.0]","[5.0, 5.0, 2.0, 4.0]","['W', 'W', 'W', 'M']","[['W'], ['NAA'], ['SEA'], ['NAA']]","[53.0, 36.0, 24.0, 43.0]"
3505,"['7010_bf.jpg', '7011_bf.jpg']","[3.0, 0.0, 1.0, 1.0]",TN,"[4.0, 5.0, 5.0, 5.0]","[5.0, 5.0, 4.0, 5.0]","[5.0, 1.0, 2.0, 4.0]","['W', 'W', 'W', 'M']","[['W'], ['NAA'], ['SEA'], ['NAA']]","[53.0, 36.0, 24.0, 43.0]"
13,"['27_af.jpg', '26_af.jpg']","[3.0, 2.0, 1.0, 4.0]",TP,"[4.0, 5.0, 5.0, 5.0]","[4.0, 5.0, 4.0, 5.0]","[4.0, 4.0, 2.0, 5.0]","['W', 'W', 'W', 'M']","[['W'], ['NAA'], ['SEA'], ['NAA']]","[53.0, 36.0, 24.0, 43.0]"
1294,"['2589_bf.jpg', '2588_bf.jpg']","[4.0, 4.0, 4.0, 4.0]",TP,"[5.0, 5.0, 5.0, 5.0]","[5.0, 5.0, 5.0, 5.0]","[5.0, 5.0, 5.0, 5.0]","['W', 'W', 'W', 'M']","[['W'], ['NAA'], ['SEA'], ['NAA']]","[53.0, 36.0, 24.0, 43.0]"
5045,"['10091_wf.jpg', '10090_af.jpg']","[0.0, 0.0, 0.0, 0.0]",TN,"[2.0, 5.0, 2.0, 5.0]","[2.0, 1.0, 1.0, 1.0]","[2.0, 1.0, 1.0, 2.0]","['W', 'W', 'W', 'M']","[['W'], ['NAA'], ['SEA'], ['NAA']]","[53.0, 36.0, 24.0, 43.0]"
2481,"['4962_wm.jpg', '4963_wm.jpg']","[3.0, 4.0, 4.0, 4.0]",TP,"[4.0, 5.0, 5.0, 5.0]","[5.0, 5.0, 5.0, 5.0]","[5.0, 5.0, 5.0, 5.0]","['W', 'W', 'W', 'M']","[['W'], ['NAA'], ['SEA'], ['NAA']]","[53.0, 36.0, 24.0, 43.0]"
1775,"['3551_bm.jpg', '3550_bm.jpg']","[3.0, 3.0, 4.0, 4.0]",TP,"[4.0, 4.0, 5.0, 5.0]","[4.0, 4.0, 5.0, 5.0]","[4.0, 4.0, 5.0, 5.0]","['W', 'W', 'W', 'M']","[['W'], ['NAA'], ['SEA'], ['NAA']]","[53.0, 36.0, 24.0, 43.0]"
3754,"['7509_wm.jpg', '7508_wm.jpg']","[0.0, 3.0, 1.0, 0.0]",TN,"[1.0, 5.0, 4.0, 5.0]","[5.0, 4.0, 5.0, 5.0]","[4.0, 3.0, 4.0, 4.0]","['M', 'M', 'M', 'M']","[['W'], ['NAA'], ['SEA'], ['NAA']]","[33.0, 35.0, 43.0, 30.0]"
941,"['1883_bf.jpg', '1882_bf.jpg']","[1.0, 4.0, 3.0, 4.0]",TP,"[5.0, 5.0, 5.0, 5.0]","[5.0, 5.0, 5.0, 5.0]","[4.0, 5.0, 5.0, 5.0]","['M', 'M', 'M', 'M']","[['W'], ['NAA'], ['SEA'], ['NAA']]","[33.0, 35.0, 43.0, 30.0]"
2327,"['4654_wm.jpg', '4655_wm.jpg']","[2.0, 3.0, 3.0, 4.0]",TP,"[5.0, 5.0, 5.0, 5.0]","[5.0, 5.0, 5.0, 5.0]","[4.0, 5.0, 5.0, 5.0]","['M', 'M', 'M', 'M']","[['W'], ['NAA'], ['SEA'], ['NAA']]","[33.0, 35.0, 43.0, 30.0]"
4572,"['9145_wf.jpg', '9144_am.jpg']","[0.0, 0.0, 0.0, 0.0]",TN,"[1.0, 1.0, 4.0, 1.0]","[1.0, 3.0, 1.0, 2.0]","[4.0, 1.0, 3.0, 1.0]","['M', 'M', 'M', 'M']","[['W'], ['NAA'], ['SEA'], ['NAA']]","[33.0, 35.0, 43.0, 30.0]"
1540,"['3080_bm.jpg', '3081_bm.jpg']","[1.0, 2.0, 3.0, 3.0]",TP,"[5.0, 5.0, 5.0, 5.0]","[1.0, 3.0, 5.0, 5.0]","[4.0, 3.0, 4.0, 4.0]","['M', 'M', 'M', 'M']","[['W'], ['NAA'], ['SEA'], ['NAA']]","[33.0, 35.0, 43.0, 30.0]"
702,"['1404_am.jpg', '1405_am.jpg']","[4.0, 3.0, 2.0, 3.0]",TP,"[5.0, 5.0, 5.0, 5.0]","[5.0, 5.0, 5.0, 5.0]","[5.0, 5.0, 4.0, 4.0]","['M', 'M', 'M', 'M']","[['W'], ['NAA'], ['SEA'], ['NAA']]","[33.0, 35.0, 43.0, 30.0]"
1073,"['2147_bf.jpg', '2146_bf.jpg']","[3.0, 3.0, 2.0, 4.0]",TP,"[5.0, 4.0, 4.0, 5.0]","[5.0, 4.0, 5.0, 5.0]","[5.0, 3.0, 4.0, 5.0]","['M', 'M', 'M', 'M']","[['W'], ['NAA'], ['SEA'], ['NAA']]","[33.0, 35.0, 43.0, 30.0]"
2933,"['5866_am.jpg', '5867_am.jpg']","[0.0, 3.0, 0.0, 0.0]",TN,"[5.0, 4.0, 5.0, 5.0]","[1.0, 5.0, 4.0, 5.0]","[4.0, 3.0, 3.0, 4.0]","['M', 'M', 'M', 'M']","[['W'], ['NAA'], ['SEA'], ['NAA']]","[33.0, 35.0, 43.0, 30.0]"
1044,"['2089_bf.jpg', '2088_bf.jpg']","[0.0, 0.0, 1.0, 1.0]",TP,"[5.0, 5.0, 5.0, 5.0]","[5.0, 4.0, 5.0, 5.0]","[1.0, 3.0, 5.0, 2.0]","['M', 'M', 'M', 'M']","[['W'], ['NAA'], ['SEA'], ['NAA']]","[33.0, 35.0, 43.0, 30.0]"
3235,"['6470_bf.jpg', '6471_bm.jpg']","[0.0, 0.0, 0.0, 0.0]",TN,"[1.0, 1.0, 2.0, 1.0]","[5.0, 3.0, 4.0, 4.0]","[2.0, 3.0, 1.0, 2.0]","['M', 'M', 'M', 'M']","[['W'], ['NAA'], ['SEA'], ['NAA']]","[33.0, 35.0, 43.0, 30.0]"
1552,"['3105_bm.jpg', '3104_bm.jpg']","[0.0, 3.0, 1.0, 3.0]",TP,"[5.0, 4.0, 4.0, 5.0]","[5.0, 4.0, 3.0, 5.0]","[3.0, 2.0, 3.0, 4.0]","['W', 'W', 'M', 'M']","[['W'], ['NAA'], ['W'], ['EA']]","[26.0, 25.0, 0, 41.0]"
4431,"['8862_af.jpg', '8863_bf.jpg']","[0.0, 0.0, 0.0, 0.0]",TN,"[5.0, 4.0, 1.0, 5.0]","[1.0, 1.0, 1.0, 1.0]","[3.0, 2.0, 1.0, 3.0]","['W', 'W', 'M', 'M']","[['W'], ['NAA'], ['W'], ['EA']]","[26.0, 25.0, 0, 41.0]"
3538,"['7076_wf.jpg', '7077_wm.jpg']","[0.0, 1.0, 2.0, 1.0]",TN,"[1.0, 2.0, 3.0, 1.0]","[4.0, 2.0, 2.0, 4.0]","[3.0, 3.0, 2.0, 3.0]","['W', 'W', 'M', 'M']","[['W'], ['NAA'], ['W'], ['EA']]","[26.0, 25.0, 0, 41.0]"
4242,"['8484_bm.jpg', '8485_af.jpg']","[0.0, 0.0, 0.0, 0.0]",TN,"[1.0, 1.0, 3.0, 1.0]","[1.0, 1.0, 2.0, 2.0]","[3.0, 2.0, 2.0, 3.0]","['W', 'W', 'M', 'M']","[['W'], ['NAA'], ['W'], ['EA']]","[26.0, 25.0, 0, 41.0]"
3132,"['6265_bm.jpg', '6264_bf.jpg']","[0.0, 0.0, 0.0, 0.0]",TN,"[1.0, 1.0, 3.0, 1.0]","[1.0, 4.0, 2.0, 2.0]","[2.0, 3.0, 3.0, 3.0]","['W', 'W', 'M', 'M']","[['W'], ['NAA'], ['W'], ['EA']]","[26.0, 25.0, 0, 41.0]"
1975,"['3951_wf.jpg', '3950_wf.jpg']","[2.0, 3.0, 3.0, 2.0]",TP,"[5.0, 3.0, 2.0, 4.0]","[5.0, 2.0, 3.0, 4.0]","[4.0, 2.0, 4.0, 4.0]","['W', 'W', 'M', 'M']","[['W'], ['NAA'], ['W'], ['EA']]","[26.0, 25.0, 0, 41.0]"
230,"['461_af.jpg', '460_af.jpg']","[2.0, 2.0, 2.0, 2.0]",TP,"[5.0, 3.0, 2.0, 5.0]","[4.0, 4.0, 2.0, 3.0]","[4.0, 2.0, 3.0, 3.0]","['W', 'W', 'M', 'M']","[['W'], ['NAA'], ['W'], ['EA']]","[26.0, 25.0, 0, 41.0]"
174,"['348_af.jpg', '349_af.jpg']","[3.0, 3.0, 0.0, 1.0]",TP,"[5.0, 4.0, 3.0, 5.0]","[5.0, 4.0, 2.0, 3.0]","[4.0, 4.0, 4.0, 4.0]","['W', 'W', 'M', 'M']","[['W'], ['NAA'], ['W'], ['EA']]","[26.0, 25.0, 0, 41.0]"
2631,"['5263_wm.jpg', '5262_wm.jpg']","[3.0, 3.0, 0.0, 3.0]",TP,"[5.0, 4.0, 1.0, 5.0]","[5.0, 4.0, 1.0, 4.0]","[5.0, 4.0, 2.0, 4.0]","['W', 'W', 'M', 'M']","[['W'], ['NAA'], ['W'], ['EA']]","[26.0, 25.0, 0, 41.0]"
3861,"['7723_wf.jpg', '7722_wf.jpg']","[1.0, 1.0, 1.0, 1.0]",TN,"[5.0, 4.0, 2.0, 5.0]","[3.0, 3.0, 4.0, 3.0]","[4.0, 2.0, 3.0, 3.0]","['W', 'W', 'M', 'M']","[['W'], ['NAA'], ['W'], ['EA']]","[26.0, 25.0, 0, 41.0]"
674,"['1349_am.jpg', '1348_am.jpg']","[1.0, 4.0, 3.0, 2.0]",TP,"[5.0, 5.0, 4.0, 5.0]","[4.0, 5.0, 4.0, 3.0]","[4.0, 5.0, 4.0, 4.0]","['M', 'M', 'W', 'W']","[['W'], ['O'], ['SA'], ['EA']]","[21.0, 49.0, 28.0, 45.0]"
3363,"['6727_bm.jpg', '6726_bm.jpg']","[0.0, 0.0, 0.0, 0.0]",TN,"[5.0, 5.0, 4.0, 5.0]","[4.0, 5.0, 4.0, 3.0]","[4.0, 1.0, 4.0, 2.0]","['M', 'M', 'W', 'W']","[['W'], ['O'], ['SA'], ['EA']]","[21.0, 49.0, 28.0, 45.0]"
5255,"['10511_wm.jpg', '10510_bf.jpg']","[0.0, 0.0, 0.0, 0.0]",TN,"[1.0, 1.0, 1.0, 1.0]","[1.0, 1.0, 1.0, 1.0]","[2.0, 4.0, 4.0, 3.0]","['M', 'M', 'W', 'W']","[['W'], ['O'], ['SA'], ['EA']]","[21.0, 49.0, 28.0, 45.0]"
450,"['901_af.jpg', '900_af.jpg']","[1.0, 0.0, 1.0, 3.0]",TP,"[5.0, 5.0, 4.0, 5.0]","[5.0, 4.0, 4.0, 5.0]","[4.0, 2.0, 4.0, 3.0]","['M', 'M', 'W', 'W']","[['W'], ['O'], ['SA'], ['EA']]","[21.0, 49.0, 28.0, 45.0]"
2840,"['5681_am.jpg', '5680_af.jpg']","[0.0, 0.0, 0.0, 0.0]",TN,"[4.0, 3.0, 4.0, 3.0]","[2.0, 4.0, 3.0, 4.0]","[3.0, 2.0, 2.0, 4.0]","['M', 'M', 'W', 'W']","[['W'], ['O'], ['SA'], ['EA']]","[21.0, 49.0, 28.0, 45.0]"
676,"['1352_am.jpg', '1353_am.jpg']","[1.0, 4.0, 2.0, 2.0]",TP,"[4.0, 5.0, 4.0, 4.0]","[4.0, 5.0, 3.0, 4.0]","[5.0, 5.0, 4.0, 4.0]","['M', 'M', 'W', 'W']","[['W'], ['O'], ['SA'], ['EA']]","[21.0, 49.0, 28.0, 45.0]"
962,"['1924_bf.jpg', '1925_bf.jpg']","[3.0, 2.0, 3.0, 2.0]",TP,"[4.0, 5.0, 4.0, 4.0]","[5.0, 5.0, 4.0, 5.0]","[4.0, 3.0, 4.0, 4.0]","['M', 'M', 'W', 'W']","[['W'], ['O'], ['SA'], ['EA']]","[21.0, 49.0, 28.0, 45.0]"
2260,"['4521_wf.jpg', '4520_wf.jpg']","[3.0, 4.0, 4.0, 1.0]",TP,"[5.0, 5.0, 5.0, 5.0]","[5.0, 5.0, 5.0, 5.0]","[5.0, 5.0, 5.0, 2.0]","['M', 'M', 'W', 'W']","[['W'], ['O'], ['SA'], ['EA']]","[21.0, 49.0, 28.0, 45.0]"
2200,"['4401_wf.jpg', '4400_wf.jpg']","[1.0, 4.0, 3.0, 0.0]",TP,"[5.0, 5.0, 5.0, 5.0]","[4.0, 5.0, 4.0, 3.0]","[2.0, 5.0, 4.0, 3.0]","['M', 'M', 'W', 'W']","[['W'], ['O'], ['SA'], ['EA']]","[21.0, 49.0, 28.0, 45.0]"
545,"['1091_am.jpg', '1090_am.jpg']","[0.0, 3.0, 0.0, 2.0]",TP,"[5.0, 5.0, 5.0, 5.0]","[1.0, 4.0, 2.0, 3.0]","[4.0, 5.0, 4.0, 3.0]","['M', 'M', 'W', 'W']","[['W'], ['O'], ['SA'], ['EA']]","[21.0, 49.0, 28.0, 45.0]"
2814,"['5628_af.jpg', '5629_am.jpg']","[0.0, 0.0, 0.0]",TN,"[1.0, 1.0, 1.0]","[2.0, 1.0, 1.0]","[4.0, 1.0, 4.0]","['W', 'M', 'W']","[['W'], ['O'], ['SA']]","[44.0, 22.0, 47.0]"
1180,"['2360_bf.jpg', '2361_bf.jpg']","[4.0, 4.0, 4.0]",TP,"[5.0, 5.0, 5.0]","[5.0, 5.0, 5.0]","[5.0, 5.0, 5.0]","['W', 'M', 'W']","[['W'], ['O'], ['SA']]","[44.0, 22.0, 47.0]"
4270,"['8541_af.jpg', '8540_bm.jpg']","[0.0, 0.0, 0.0]",TN,"[5.0, 4.0, 1.0]","[1.0, 1.0, 1.0]","[1.0, 1.0, 1.0]","['W', 'M', 'W']","[['W'], ['O'], ['SA']]","[44.0, 22.0, 47.0]"
2276,"['4552_wm.jpg', '4553_wm.jpg']","[2.0, 0.0, 1.0]",TP,"[5.0, 5.0, 5.0]","[4.0, 4.0, 4.0]","[5.0, 4.0, 4.0]","['W', 'M', 'W']","[['W'], ['O'], ['SA']]","[44.0, 22.0, 47.0]"
4705,"['9410_af.jpg', '9411_wm.jpg']","[0.0, 0.0, 0.0]",TN,"[1.0, 1.0, 1.0]","[1.0, 1.0, 1.0]","[1.0, 1.0, 1.0]","['W', 'M', 'W']","[['W'], ['O'], ['SA']]","[44.0, 22.0, 47.0]"
5163,"['10327_wf.jpg', '10326_bm.jpg']","[0.0, 0.0, 0.0]",TN,"[1.0, 1.0, 1.0]","[1.0, 1.0, 1.0]","[4.0, 4.0, 4.0]","['W', 'M', 'W']","[['W'], ['O'], ['SA']]","[44.0, 22.0, 47.0]"
1350,"['2701_bf.jpg', '2700_bf.jpg']","[3.0, 3.0, 4.0]",TP,"[5.0, 5.0, 5.0]","[5.0, 5.0, 5.0]","[4.0, 4.0, 5.0]","['W', 'M', 'W']","[['W'], ['O'], ['SA']]","[44.0, 22.0, 47.0]"
3004,"['6008_af.jpg', '6009_af.jpg']","[0.0, 0.0, 0.0]",TN,"[5.0, 1.0, 5.0]","[1.0, 2.0, 4.0]","[5.0, 1.0, 1.0]","['W', 'M', 'W']","[['W'], ['O'], ['SA']]","[44.0, 22.0, 47.0]"
4612,"['9224_am.jpg', '9225_wf.jpg']","[0.0, 0.0, 0.0]",TN,"[1.0, 1.0, 1.0]","[1.0, 1.0, 4.0]","[4.0, 1.0, 2.0]","['W', 'M', 'W']","[['W'], ['O'], ['SA']]","[44.0, 22.0, 47.0]"
3572,"['7144_wf.jpg', '7145_wm.jpg']","[0.0, 0.0, 0.0]",TN,"[1.0, 1.0, 1.0]","[5.0, 1.0, 4.0]","[1.0, 2.0, 2.0]","['W', 'M', 'W']","[['W'], ['O'], ['SA']]","[44.0, 22.0, 47.0]"
4053,"['8107_bf.jpg', '8106_am.jpg']","[0.0, 0.0, 0.0]",TN,"[4.0, 1.0, 4.0]","[1.0, 1.0, 1.0]","[4.0, 4.0, 4.0]","['M', 'M', 'W']","[['W'], ['SA'], ['SEA']]","[53.0, 66.0, 57.0]"
5315,"['10630_bf.jpg', '10631_wm.jpg']","[0.0, 1.0, 0.0]",TN,"[4.0, 5.0, 1.0]","[2.0, 1.0, 1.0]","[4.0, 5.0, 3.0]","['M', 'M', 'W']","[['W'], ['SA'], ['SEA']]","[53.0, 66.0, 57.0]"
3471,"['6942_bf.jpg', '6943_bf.jpg']","[1.0, 0.0, 1.0]",TN,"[4.0, 1.0, 1.0]","[4.0, 3.0, 3.0]","[4.0, 3.0, 2.0]","['M', 'M', 'W']","[['W'], ['SA'], ['SEA']]","[53.0, 66.0, 57.0]"
1247,"['2495_bf.jpg', '2494_bf.jpg']","[3.0, 3.0, 3.0]",TP,"[5.0, 5.0, 2.0]","[4.0, 5.0, 4.0]","[5.0, 5.0, 4.0]","['M', 'M', 'W']","[['W'], ['SA'], ['SEA']]","[53.0, 66.0, 57.0]"
1092,"['2185_bf.jpg', '2184_bf.jpg']","[3.0, 3.0, 3.0]",TP,"[5.0, 5.0, 4.0]","[4.0, 5.0, 4.0]","[5.0, 5.0, 4.0]","['M', 'M', 'W']","[['W'], ['SA'], ['SEA']]","[53.0, 66.0, 57.0]"
2771,"['5543_am.jpg', '5542_af.jpg']","[2.0, 0.0, 1.0]",TN,"[4.0, 2.0, 1.0]","[4.0, 4.0, 4.0]","[4.0, 1.0, 3.0]","['M', 'M', 'W']","[['W'], ['SA'], ['SEA']]","[53.0, 66.0, 57.0]"
3305,"['6610_bm.jpg', '6611_bm.jpg']","[3.0, 1.0, 0.0]",TN,"[4.0, 5.0, 2.0]","[4.0, 4.0, 4.0]","[4.0, 3.0, 3.0]","['M', 'M', 'W']","[['W'], ['SA'], ['SEA']]","[53.0, 66.0, 57.0]"
4452,"['8905_bf.jpg', '8904_af.jpg']","[4.0, 0.0, 0.0]",TN,"[5.0, 5.0, 2.0]","[5.0, 1.0, 1.0]","[5.0, 4.0, 4.0]","['M', 'M', 'W']","[['W'], ['SA'], ['SEA']]","[53.0, 66.0, 57.0]"
4486,"['8973_bf.jpg', '8972_af.jpg']","[4.0, 0.0, 0.0]",TN,"[5.0, 5.0, 1.0]","[5.0, 5.0, 3.0]","[5.0, 2.0, 3.0]","['M', 'M', 'W']","[['W'], ['SA'], ['SEA']]","[53.0, 66.0, 57.0]"
5112,"['10225_wf.jpg', '10224_bm.jpg']","[4.0, 0.0, 0.0]",TN,"[5.0, 1.0, 1.0]","[5.0, 1.0, 1.0]","[5.0, 4.0, 1.0]","['M', 'M', 'W']","[['W'], ['SA'], ['SEA']]","[53.0, 66.0, 57.0]"
3759,"['7519_wm.jpg', '7518_wm.jpg']","[0.0, 1.0, 1.0, 0.0]",TN,"[5.0, 5.0, 5.0, 3.0]","[3.0, 4.0, 4.0, 3.0]","[2.0, 2.0, 2.0, 3.0]","['W', 'M', 'M', 'W']","[['W'], ['NAA'], ['SA'], ['O']]","[24.0, 37.0, 27.0, 47.0]"
2293,"['4586_wm.jpg', '4587_wm.jpg']","[4.0, 2.0, 3.0, 2.0]",TP,"[5.0, 5.0, 5.0, 4.0]","[5.0, 4.0, 4.0, 4.0]","[5.0, 3.0, 4.0, 4.0]","['W', 'M', 'M', 'W']","[['W'], ['NAA'], ['SA'], ['O']]","[24.0, 37.0, 27.0, 47.0]"
3216,"['6432_bf.jpg', '6433_bm.jpg']","[0.0, 0.0, 0.0, 0.0]",TN,"[1.0, 1.0, 1.0, 2.0]","[5.0, 2.0, 5.0, 4.0]","[3.0, 2.0, 4.0, 2.0]","['W', 'M', 'M', 'W']","[['W'], ['NAA'], ['SA'], ['O']]","[24.0, 37.0, 27.0, 47.0]"
4386,"['8773_bm.jpg', '8772_am.jpg']","[0.0, 0.0, 0.0, 0.0]",TN,"[5.0, 1.0, 5.0, 4.0]","[1.0, 1.0, 1.0, 3.0]","[2.0, 1.0, 4.0, 3.0]","['W', 'M', 'M', 'W']","[['W'], ['NAA'], ['SA'], ['O']]","[24.0, 37.0, 27.0, 47.0]"
3676,"['7353_wm.jpg', '7352_wm.jpg']","[3.0, 1.0, 1.0, 0.0]",TN,"[5.0, 5.0, 5.0, 2.0]","[4.0, 4.0, 4.0, 4.0]","[1.0, 1.0, 1.0, 1.0]","['W', 'M', 'M', 'W']","[['W'], ['NAA'], ['SA'], ['O']]","[24.0, 37.0, 27.0, 47.0]"
5120,"['10241_wf.jpg', '10240_bm.jpg']","[0.0, 0.0, 0.0, 0.0]",TN,"[1.0, 4.0, 1.0, 4.0]","[1.0, 2.0, 1.0, 2.0]","[4.0, 3.0, 4.0, 3.0]","['W', 'M', 'M', 'W']","[['W'], ['NAA'], ['SA'], ['O']]","[24.0, 37.0, 27.0, 47.0]"
2636,"['5273_wm.jpg', '5272_wm.jpg']","[1.0, 0.0, 1.0, 0.0]",TP,"[3.0, 4.0, 4.0, 4.0]","[4.0, 2.0, 4.0, 4.0]","[1.0, 1.0, 4.0, 2.0]","['W', 'M', 'M', 'W']","[['W'], ['NAA'], ['SA'], ['O']]","[24.0, 37.0, 27.0, 47.0]"
4698,"['9396_af.jpg', '9397_wm.jpg']","[0.0, 0.0, 0.0, 0.0]",TN,"[1.0, 1.0, 1.0, 1.0]","[1.0, 2.0, 4.0, 1.0]","[2.0, 2.0, 2.0, 1.0]","['W', 'M', 'M', 'W']","[['W'], ['NAA'], ['SA'], ['O']]","[24.0, 37.0, 27.0, 47.0]"
184,"['368_af.jpg', '369_af.jpg']","[0.0, 1.0, 1.0, 0.0]",TP,"[5.0, 4.0, 5.0, 3.0]","[2.0, 4.0, 3.0, 4.0]","[4.0, 3.0, 3.0, 4.0]","['W', 'M', 'M', 'W']","[['W'], ['NAA'], ['SA'], ['O']]","[24.0, 37.0, 27.0, 47.0]"
1994,"['3989_wf.jpg', '3988_wf.jpg']","[4.0, 2.0, 0.0, 4.0]",TP,"[5.0, 4.0, 5.0, 5.0]","[5.0, 4.0, 5.0, 5.0]","[5.0, 3.0, 4.0, 5.0]","['W', 'M', 'M', 'W']","[['W'], ['NAA'], ['SA'], ['O']]","[24.0, 37.0, 27.0, 47.0]"
2486,"['4973_wm.jpg', '4972_wm.jpg']","[2.0, 4.0, 2.0, 3.0]",TP,"[5.0, 5.0, 5.0, 5.0]","[5.0, 5.0, 5.0, 5.0]","[5.0, 5.0, 2.0, 4.0]","['M', 'M', 'M', 'W']","[['W'], ['NAA'], ['SA'], ['O']]","[43.0, 27.0, 22.0, 40.0]"
2912,"['5825_am.jpg', '5824_am.jpg']","[0.0, 0.0, 0.0, 0.0]",TN,"[3.0, 5.0, 5.0, 4.0]","[1.0, 5.0, 5.0, 4.0]","[1.0, 1.0, 1.0, 1.0]","['M', 'M', 'M', 'W']","[['W'], ['NAA'], ['SA'], ['O']]","[43.0, 27.0, 22.0, 40.0]"
2801,"['5602_af.jpg', '5603_am.jpg']","[0.0, 0.0, 0.0, 0.0]",TN,"[1.0, 1.0, 1.0, 2.0]","[2.0, 1.0, 1.0, 1.0]","[4.0, 1.0, 4.0, 1.0]","['M', 'M', 'M', 'W']","[['W'], ['NAA'], ['SA'], ['O']]","[43.0, 27.0, 22.0, 40.0]"
2994,"['5989_af.jpg', '5988_af.jpg']","[0.0, 0.0, 0.0, 1.0]",TN,"[5.0, 1.0, 1.0, 4.0]","[2.0, 1.0, 2.0, 4.0]","[5.0, 4.0, 3.0, 4.0]","['M', 'M', 'M', 'W']","[['W'], ['NAA'], ['SA'], ['O']]","[43.0, 27.0, 22.0, 40.0]"
2990,"['5981_af.jpg', '5980_af.jpg']","[0.0, 1.0, 0.0, 1.0]",TN,"[4.0, 5.0, 5.0, 4.0]","[3.0, 5.0, 2.0, 1.0]","[4.0, 1.0, 1.0, 2.0]","['M', 'M', 'M', 'W']","[['W'], ['NAA'], ['SA'], ['O']]","[43.0, 27.0, 22.0, 40.0]"
4405,"['8811_bm.jpg', '8810_am.jpg']","[0.0, 0.0, 0.0, 0.0]",TN,"[4.0, 5.0, 5.0, 4.0]","[1.0, 1.0, 1.0, 1.0]","[3.0, 4.0, 2.0, 1.0]","['M', 'M', 'M', 'W']","[['W'], ['NAA'], ['SA'], ['O']]","[43.0, 27.0, 22.0, 40.0]"
1381,"['2762_bm.jpg', '2763_bm.jpg']","[3.0, 0.0, 3.0, 3.0]",TP,"[5.0, 5.0, 5.0, 4.0]","[5.0, 4.0, 5.0, 4.0]","[5.0, 4.0, 4.0, 3.0]","['M', 'M', 'M', 'W']","[['W'], ['NAA'], ['SA'], ['O']]","[43.0, 27.0, 22.0, 40.0]"
1877,"['3755_wf.jpg', '3754_wf.jpg']","[3.0, 2.0, 2.0, 1.0]",TP,"[5.0, 5.0, 5.0, 4.0]","[5.0, 5.0, 4.0, 4.0]","[5.0, 5.0, 2.0, 3.0]","['M', 'M', 'M', 'W']","[['W'], ['NAA'], ['SA'], ['O']]","[43.0, 27.0, 22.0, 40.0]"
1428,"['2856_bm.jpg', '2857_bm.jpg']","[4.0, 4.0, 3.0, 4.0]",TP,"[5.0, 5.0, 5.0, 5.0]","[5.0, 5.0, 5.0, 5.0]","[5.0, 5.0, 4.0, 5.0]","['M', 'M', 'M', 'W']","[['W'], ['NAA'], ['SA'], ['O']]","[43.0, 27.0, 22.0, 40.0]"
893,"['1786_am.jpg', '1787_am.jpg']","[3.0, 1.0, 3.0, 3.0]",TP,"[5.0, 5.0, 5.0, 5.0]","[4.0, 3.0, 5.0, 5.0]","[4.0, 4.0, 2.0, 5.0]","['M', 'M', 'M', 'W']","[['W'], ['NAA'], ['SA'], ['O']]","[43.0, 27.0, 22.0, 40.0]"
4996,"['9992_af.jpg', '9993_wf.jpg']","[0.0, 0.0, 0.0, 0.0]",TN,"[3.0, 5.0, 5.0, 5.0]","[1.0, 1.0, 1.0, 1.0]","[4.0, 2.0, 4.0, 4.0]","['W', 'W', 'W', 'W']","[['W'], ['NAA'], ['SA'], ['NAA']]","[34.0, 41.0, 24.0, 35.0]"
4423,"['8847_bf.jpg', '8846_af.jpg']","[0.0, 0.0, 0.0, 2.0]",TN,"[3.0, 4.0, 5.0, 3.0]","[2.0, 1.0, 1.0, 3.0]","[2.0, 2.0, 2.0, 3.0]","['W', 'W', 'W', 'W']","[['W'], ['NAA'], ['SA'], ['NAA']]","[34.0, 41.0, 24.0, 35.0]"
2027,"['4054_wf.jpg', '4055_wf.jpg']","[4.0, 4.0, 3.0, 3.0]",TP,"[5.0, 5.0, 5.0, 5.0]","[5.0, 5.0, 5.0, 5.0]","[5.0, 5.0, 4.0, 3.0]","['W', 'W', 'W', 'W']","[['W'], ['NAA'], ['SA'], ['NAA']]","[34.0, 41.0, 24.0, 35.0]"
5454,"['10908_bm.jpg', '10909_wm.jpg']","[0.0, 0.0, 0.0, 0.0]",TN,"[1.0, 5.0, 5.0, 1.0]","[1.0, 1.0, 1.0, 1.0]","[3.0, 2.0, 3.0, 3.0]","['W', 'W', 'W', 'W']","[['W'], ['NAA'], ['SA'], ['NAA']]","[34.0, 41.0, 24.0, 35.0]"
1950,"['3901_wf.jpg', '3900_wf.jpg']","[4.0, 4.0, 4.0, 4.0]",TP,"[5.0, 5.0, 5.0, 5.0]","[5.0, 5.0, 5.0, 5.0]","[5.0, 5.0, 5.0, 5.0]","['W', 'W', 'W', 'W']","[['W'], ['NAA'], ['SA'], ['NAA']]","[34.0, 41.0, 24.0, 35.0]"
11,"['22_af.jpg', '23_af.jpg']","[3.0, 3.0, 2.0, 3.0]",TP,"[4.0, 4.0, 5.0, 5.0]","[4.0, 5.0, 4.0, 5.0]","[4.0, 4.0, 4.0, 3.0]","['W', 'W', 'W', 'W']","[['W'], ['NAA'], ['SA'], ['NAA']]","[34.0, 41.0, 24.0, 35.0]"
164,"['328_af.jpg', '329_af.jpg']","[3.0, 1.0, 2.0, 2.0]",TP,"[2.0, 4.0, 5.0, 3.0]","[4.0, 4.0, 3.0, 3.0]","[4.0, 4.0, 4.0, 3.0]","['W', 'W', 'W', 'W']","[['W'], ['NAA'], ['SA'], ['NAA']]","[34.0, 41.0, 24.0, 35.0]"
4845,"['9690_am.jpg', '9691_wm.jpg']","[0.0, 0.0, 0.0, 2.0]",TN,"[4.0, 5.0, 5.0, 3.0]","[1.0, 1.0, 1.0, 3.0]","[1.0, 2.0, 1.0, 3.0]","['W', 'W', 'W', 'W']","[['W'], ['NAA'], ['SA'], ['NAA']]","[34.0, 41.0, 24.0, 35.0]"
2460,"['4920_wm.jpg', '4921_wm.jpg']","[4.0, 4.0, 1.0, 2.0]",TP,"[5.0, 5.0, 5.0, 3.0]","[5.0, 5.0, 5.0, 3.0]","[5.0, 5.0, 2.0, 3.0]","['W', 'W', 'W', 'W']","[['W'], ['NAA'], ['SA'], ['NAA']]","[34.0, 41.0, 24.0, 35.0]"
2602,"['5205_wm.jpg', '5204_wm.jpg']","[4.0, 4.0, 4.0, 3.0]",TP,"[5.0, 5.0, 5.0, 5.0]","[5.0, 5.0, 5.0, 5.0]","[5.0, 5.0, 5.0, 3.0]","['W', 'W', 'W', 'W']","[['W'], ['NAA'], ['SA'], ['NAA']]","[34.0, 41.0, 24.0, 35.0]"
2160,"['4320_wf.jpg', '4321_wf.jpg']","[1.0, 2.0, 3.0, 4.0]",TP,"[5.0, 5.0, 5.0, 5.0]","[5.0, 5.0, 5.0, 5.0]","[2.0, 3.0, 5.0, 5.0]","['W', 'W', 'W', 'W']","[['W'], ['NAA'], ['SEA'], ['SA']]","[31.0, 44.0, 24.0, 32.0]"
646,"['1293_am.jpg', '1292_am.jpg']","[3.0, 4.0, 4.0, 4.0]",TP,"[5.0, 5.0, 5.0, 5.0]","[5.0, 5.0, 5.0, 5.0]","[4.0, 5.0, 5.0, 5.0]","['W', 'W', 'W', 'W']","[['W'], ['NAA'], ['SEA'], ['SA']]","[31.0, 44.0, 24.0, 32.0]"
3521,"['7042_wf.jpg', '7043_wm.jpg']","[0.0, 0.0, 0.0, 0.0]",TN,"[1.0, 1.0, 1.0, 1.0]","[5.0, 5.0, 4.0, 1.0]","[2.0, 3.0, 1.0, 1.0]","['W', 'W', 'W', 'W']","[['W'], ['NAA'], ['SEA'], ['SA']]","[31.0, 44.0, 24.0, 32.0]"
669,"['1339_am.jpg', '1338_am.jpg']","[2.0, 1.0, 4.0, 4.0]",TP,"[5.0, 5.0, 5.0, 5.0]","[5.0, 5.0, 5.0, 5.0]","[3.0, 4.0, 5.0, 5.0]","['W', 'W', 'W', 'W']","[['W'], ['NAA'], ['SEA'], ['SA']]","[31.0, 44.0, 24.0, 32.0]"
595,"['1191_am.jpg', '1190_am.jpg']","[2.0, 3.0, 4.0, 4.0]",TP,"[5.0, 5.0, 5.0, 5.0]","[5.0, 5.0, 5.0, 5.0]","[2.0, 4.0, 5.0, 5.0]","['W', 'W', 'W', 'W']","[['W'], ['NAA'], ['SEA'], ['SA']]","[31.0, 44.0, 24.0, 32.0]"
2903,"['5806_am.jpg', '5807_am.jpg']","[0.0, 0.0, 0.0, 0.0]",TN,"[5.0, 3.0, 5.0, 1.0]","[1.0, 1.0, 1.0, 2.0]","[2.0, 1.0, 1.0, 1.0]","['W', 'W', 'W', 'W']","[['W'], ['NAA'], ['SEA'], ['SA']]","[31.0, 44.0, 24.0, 32.0]"
1404,"['2809_bm.jpg', '2808_bm.jpg']","[2.0, 3.0, 1.0, 2.0]",TP,"[5.0, 5.0, 5.0, 2.0]","[5.0, 5.0, 5.0, 3.0]","[3.0, 4.0, 4.0, 3.0]","['W', 'W', 'W', 'W']","[['W'], ['NAA'], ['SEA'], ['SA']]","[31.0, 44.0, 24.0, 32.0]"
681,"['1362_am.jpg', '1363_am.jpg']","[3.0, 0.0, 4.0, 4.0]",TP,"[5.0, 5.0, 5.0, 5.0]","[5.0, 5.0, 5.0, 5.0]","[4.0, 2.0, 5.0, 5.0]","['W', 'W', 'W', 'W']","[['W'], ['NAA'], ['SEA'], ['SA']]","[31.0, 44.0, 24.0, 32.0]"
3574,"['7149_wm.jpg', '7148_wf.jpg']","[0.0, 0.0, 0.0, 0.0]",TN,"[1.0, 1.0, 1.0, 1.0]","[5.0, 5.0, 5.0, 1.0]","[1.0, 3.0, 2.0, 1.0]","['W', 'W', 'W', 'W']","[['W'], ['NAA'], ['SEA'], ['SA']]","[31.0, 44.0, 24.0, 32.0]"
2595,"['5190_wm.jpg', '5191_wm.jpg']","[4.0, 4.0, 4.0, 4.0]",TP,"[5.0, 5.0, 5.0, 5.0]","[5.0, 5.0, 5.0, 5.0]","[5.0, 5.0, 5.0, 5.0]","['W', 'W', 'W', 'W']","[['W'], ['NAA'], ['SEA'], ['SA']]","[31.0, 44.0, 24.0, 32.0]"
685,"['1370_am.jpg', '1371_am.jpg']","[0.0, 0.0, 0.0, 3.0]",TP,"[2.0, 5.0, 4.0, 5.0]","[1.0, 3.0, 3.0, 5.0]","[1.0, 2.0, 2.0, 2.0]","['M', 'W', 'W', 'W']","[['W'], ['O'], ['SEA'], ['EA']]","[24.0, 34.0, 0, 23.0]"
1418,"['2836_bm.jpg', '2837_bm.jpg']","[0.0, 1.0, 0.0, 1.0]",TP,"[1.0, 2.0, 4.0, 1.0]","[4.0, 2.0, 5.0, 5.0]","[2.0, 2.0, 3.0, 4.0]","['M', 'W', 'W', 'W']","[['W'], ['O'], ['SEA'], ['EA']]","[24.0, 34.0, 0, 23.0]"
1490,"['2981_bm.jpg', '2980_bm.jpg']","[4.0, 4.0, 1.0, 3.0]",TP,"[5.0, 5.0, 5.0, 2.0]","[5.0, 5.0, 4.0, 5.0]","[5.0, 5.0, 4.0, 4.0]","['M', 'W', 'W', 'W']","[['W'], ['O'], ['SEA'], ['EA']]","[24.0, 34.0, 0, 23.0]"
3182,"['6365_bm.jpg', '6364_bf.jpg']","[0.0, 0.0, 0.0, 1.0]",TN,"[1.0, 1.0, 1.0, 1.0]","[4.0, 1.0, 3.0, 4.0]","[1.0, 1.0, 2.0, 3.0]","['M', 'W', 'W', 'W']","[['W'], ['O'], ['SEA'], ['EA']]","[24.0, 34.0, 0, 23.0]"
4251,"['8502_bm.jpg', '8503_af.jpg']","[0.0, 0.0, 0.0, 0.0]",TN,"[1.0, 4.0, 1.0, 5.0]","[1.0, 1.0, 1.0, 1.0]","[1.0, 1.0, 1.0, 4.0]","['M', 'W', 'W', 'W']","[['W'], ['O'], ['SEA'], ['EA']]","[24.0, 34.0, 0, 23.0]"
3077,"['6154_af.jpg', '6155_af.jpg']","[3.0, 0.0, 0.0, 0.0]",TN,"[2.0, 3.0, 5.0, 1.0]","[5.0, 4.0, 4.0, 5.0]","[4.0, 3.0, 4.0, 4.0]","['M', 'W', 'W', 'W']","[['W'], ['O'], ['SEA'], ['EA']]","[24.0, 34.0, 0, 23.0]"
435,"['870_af.jpg', '871_af.jpg']","[0.0, 3.0, 2.0, 2.0]",TP,"[2.0, 4.0, 5.0, 4.0]","[4.0, 4.0, 5.0, 5.0]","[1.0, 4.0, 5.0, 4.0]","['M', 'W', 'W', 'W']","[['W'], ['O'], ['SEA'], ['EA']]","[24.0, 34.0, 0, 23.0]"
2222,"['4445_wf.jpg', '4444_wf.jpg']","[4.0, 0.0, 1.0, 3.0]",TP,"[5.0, 4.0, 5.0, 4.0]","[5.0, 4.0, 5.0, 5.0]","[5.0, 1.0, 4.0, 4.0]","['M', 'W', 'W', 'W']","[['W'], ['O'], ['SEA'], ['EA']]","[24.0, 34.0, 0, 23.0]"
2535,"['5070_wm.jpg', '5071_wm.jpg']","[4.0, 4.0, 0.0, 3.0]",TP,"[5.0, 5.0, 3.0, 5.0]","[5.0, 5.0, 4.0, 5.0]","[5.0, 5.0, 5.0, 5.0]","['M', 'W', 'W', 'W']","[['W'], ['O'], ['SEA'], ['EA']]","[24.0, 34.0, 0, 23.0]"
3465,"['6931_bf.jpg', '6930_bf.jpg']","[2.0, 0.0, 0.0, 0.0]",TN,"[4.0, 5.0, 5.0, 4.0]","[4.0, 5.0, 4.0, 4.0]","[2.0, 4.0, 3.0, 2.0]","['M', 'W', 'W', 'W']","[['W'], ['O'], ['SEA'], ['EA']]","[24.0, 34.0, 0, 23.0]"
